Progress_ID,Project_ID,Activity_ID,Date,Planned_Quantity_To_Date,Actual_Quantity_To_Date,Planned_Percentage,Actual_Percentage,Quantity_Completed_This_Period,Status,Delay_Days
PR00001,P001,A001,2026-01-04,0.3,0.306467784,30.00,30.65,0.306467784,In Progress,0
PR00002,P001,A001,2026-01-11,1,1,100.00,100.00,0.693532216,Completed,0
PR00003,P001,A001,2026-01-18,1,0.996011839,100.00,99.60,0,In Progress,0
PR00004,P001,A001,2026-01-25,1,0.970594523,100.00,97.06,0,In Progress,0
PR00005,P001,A001,2026-02-01,1,0.971143157,100.00,97.11,0.000548634,In Progress,0
PR00006,P001,A001,2026-02-08,1,1,100.00,100.00,0.028856843,Completed,0
PR00007,P001,A001,2026-02-15,1,1,100.00,100.00,0,Completed,0
PR00008,P001,A001,2026-02-22,1,1,100.00,100.00,0,Completed,0
PR00009,P001,A001,2026-03-01,1,0.97670716,100.00,97.67,0,In Progress,0
PR00010,P001,A001,2026-03-08,1,1,100.00,100.00,0.02329284,Completed,0
PR00011,P001,A001,2026-03-15,1,1,100.00,100.00,0,Completed,0
PR00012,P001,A001,2026-03-22,1,1,100.00,100.00,0,Completed,0
PR00013,P001,A001,2026-03-29,1,1,100.00,100.00,0,Completed,0
PR00014,P001,A001,2026-04-05,1,1,100.00,100.00,0,Completed,0
PR00015,P001,A001,2026-04-12,1,1,100.00,100.00,0,Completed,0
PR00016,P001,A001,2026-04-19,1,1,100.00,100.00,0,Completed,0
PR00017,P001,A001,2026-04-26,1,1,100.00,100.00,0,Completed,0
PR00018,P001,A001,2026-05-03,1,1,100.00,100.00,0,Completed,0
PR00019,P001,A001,2026-05-10,1,0.948999546,100.00,94.90,0,Delayed,0
PR00020,P001,A001,2026-05-17,1,0.988811507,100.00,98.88,0.039811961,In Progress,0
PR00021,P001,A001,2026-05-24,1,0.983536957,100.00,98.35,0,In Progress,0
PR00022,P001,A001,2026-05-31,1,0.977639275,100.00,97.76,0,In Progress,0
PR00023,P001,A001,2026-06-07,1,0.990370021,100.00,99.04,0.012730746,In Progress,0
PR00024,P001,A001,2026-06-14,1,1,100.00,100.00,0.009629979,Completed,0
PR00025,P001,A001,2026-06-21,1,0.969695911,100.00,96.97,0,In Progress,0
PR00026,P001,A001,2026-06-28,1,1,100.00,100.00,0.030304089,Completed,0
PR00027,P001,A001,2026-07-05,1,0.941099558,100.00,94.11,0,Delayed,0
PR00028,P001,A001,2026-07-12,1,0.988279024,100.00,98.83,0.047179466,In Progress,0
PR00029,P001,A001,2026-07-19,1,1,100.00,100.00,0.011720976,Completed,0
PR00030,P001,A001,2026-07-26,1,1,100.00,100.00,0,Completed,0
PR00031,P001,A001,2026-08-02,1,1,100.00,100.00,0,Completed,0
PR00032,P001,A001,2026-08-09,1,1,100.00,100.00,0,Completed,0
PR00033,P001,A001,2026-08-16,1,0.987794622,100.00,98.78,0,In Progress,0
PR00034,P001,A001,2026-08-23,1,0.983817687,100.00,98.38,0,In Progress,0
PR00035,P001,A001,2026-08-30,1,1,100.00,100.00,0.016182313,Completed,0
PR00036,P001,A001,2026-09-06,1,0.993304349,100.00,99.33,0,In Progress,0
PR00037,P001,A001,2026-09-13,1,0.955350979,100.00,95.54,0,In Progress,0
PR00038,P001,A001,2026-09-20,1,0.960334948,100.00,96.03,0.004983969,In Progress,0
PR00039,P001,A001,2026-09-27,1,0.96781917,100.00,96.78,0.007484222,In Progress,0
PR00040,P001,A001,2026-10-04,1,1,100.00,100.00,0.03218083,Completed,0
PR00041,P001,A001,2026-10-11,1,1,100.00,100.00,0,Completed,0
PR00042,P001,A001,2026-10-18,1,1,100.00,100.00,0,Completed,0
PR00043,P001,A001,2026-10-25,1,0.985046157,100.00,98.50,0,In Progress,0
PR00044,P001,A001,2026-11-01,1,1,100.00,100.00,0.014953843,Completed,0
PR00045,P001,A001,2026-11-08,1,1,100.00,100.00,0,Completed,0
PR00046,P001,A001,2026-11-15,1,0.989172871,100.00,98.92,0,In Progress,0
PR00047,P001,A001,2026-11-22,1,1,100.00,100.00,0.010827129,Completed,0
PR00048,P001,A001,2026-11-29,1,0.976832592,100.00,97.68,0,In Progress,0
PR00049,P001,A001,2026-12-06,1,0.987293115,100.00,98.73,0.010460523,In Progress,0
PR00050,P001,A001,2026-12-13,1,0.986639174,100.00,98.66,0,In Progress,0
PR00051,P001,A001,2026-12-20,1,0.958145612,100.00,95.81,0,In Progress,0
PR00052,P001,A001,2026-12-27,1,1,100.00,100.00,0.041854388,Completed,0
PR00053,P001,A002,2026-01-04,1500,1355.356377,30.00,27.11,1355.356377,In Progress,8
PR00054,P001,A002,2026-01-11,5000,4602.186471,100.00,92.04,3246.830094,Delayed,8
PR00055,P001,A002,2026-01-18,5000,4684.130665,100.00,93.68,81.94419453,Delayed,8
PR00056,P001,A002,2026-01-25,5000,4678.142956,100.00,93.56,0,Delayed,8
PR00057,P001,A002,2026-02-01,5000,4716.442394,100.00,94.33,38.29943826,Delayed,8
PR00058,P001,A002,2026-02-08,5000,4582.76504,100.00,91.66,0,Delayed,8
PR00059,P001,A002,2026-02-15,5000,4525.922795,100.00,90.52,0,Delayed,8
PR00060,P001,A002,2026-02-22,5000,4586.049313,100.00,91.72,60.1265177,Delayed,8
PR00061,P001,A002,2026-03-01,5000,4304.716474,100.00,86.09,0,Delayed,8
PR00062,P001,A002,2026-03-08,5000,4346.755317,100.00,86.94,42.03884327,Delayed,8
PR00063,P001,A002,2026-03-15,5000,4368.527568,100.00,87.37,21.77225051,Delayed,8
PR00064,P001,A002,2026-03-22,5000,4425.481805,100.00,88.51,56.95423733,Delayed,8
PR00065,P001,A002,2026-03-29,5000,4669.96049,100.00,93.40,244.4786845,Delayed,8
PR00066,P001,A002,2026-04-05,5000,4441.541165,100.00,88.83,0,Delayed,8
PR00067,P001,A002,2026-04-12,5000,4533.821553,100.00,90.68,92.28038773,Delayed,8
PR00068,P001,A002,2026-04-19,5000,4827.364952,100.00,96.55,293.5433991,In Progress,8
PR00069,P001,A002,2026-04-26,5000,4537.653805,100.00,90.75,0,Delayed,8
PR00070,P001,A002,2026-05-03,5000,4729.065224,100.00,94.58,191.4114194,Delayed,8
PR00071,P001,A002,2026-05-10,5000,4436.616906,100.00,88.73,0,Delayed,8
PR00072,P001,A002,2026-05-17,5000,4564.048427,100.00,91.28,127.4315214,Delayed,8
PR00073,P001,A002,2026-05-24,5000,4433.74614,100.00,88.67,0,Delayed,8
PR00074,P001,A002,2026-05-31,5000,4540.669212,100.00,90.81,106.9230713,Delayed,8
PR00075,P001,A002,2026-06-07,5000,4747.053924,100.00,94.94,206.3847123,Delayed,8
PR00076,P001,A002,2026-06-14,5000,4297.718926,100.00,85.95,0,Delayed,8
PR00077,P001,A002,2026-06-21,5000,4676.024138,100.00,93.52,378.3052117,Delayed,8
PR00078,P001,A002,2026-06-28,5000,4641.60373,100.00,92.83,0,Delayed,8
PR00079,P001,A002,2026-07-05,5000,4496.023758,100.00,89.92,0,Delayed,8
PR00080,P001,A002,2026-07-12,5000,4346.939875,100.00,86.94,0,Delayed,8
PR00081,P001,A002,2026-07-19,5000,4612.622664,100.00,92.25,265.6827884,Delayed,8
PR00082,P001,A002,2026-07-26,5000,4507.338776,100.00,90.15,0,Delayed,8
PR00083,P001,A002,2026-08-02,5000,4640.718337,100.00,92.81,133.3795611,Delayed,8
PR00084,P001,A002,2026-08-09,5000,4603.824125,100.00,92.08,0,Delayed,8
PR00085,P001,A002,2026-08-16,5000,4880.311306,100.00,97.61,276.4871805,In Progress,8
PR00086,P001,A002,2026-08-23,5000,4558.112765,100.00,91.16,0,Delayed,8
PR00087,P001,A002,2026-08-30,5000,4420.887939,100.00,88.42,0,Delayed,8
PR00088,P001,A002,2026-09-06,5000,4631.373236,100.00,92.63,210.4852973,Delayed,8
PR00089,P001,A002,2026-09-13,5000,4638.49942,100.00,92.77,7.126183578,Delayed,8
PR00090,P001,A002,2026-09-20,5000,4837.857826,100.00,96.76,199.358406,In Progress,8
PR00091,P001,A002,2026-09-27,5000,4746.144468,100.00,94.92,0,Delayed,8
PR00092,P001,A002,2026-10-04,5000,4662.452435,100.00,93.25,0,Delayed,8
PR00093,P001,A002,2026-10-11,5000,4856.078006,100.00,97.12,193.6255706,In Progress,8
PR00094,P001,A002,2026-10-18,5000,4391.966465,100.00,87.84,0,Delayed,8
PR00095,P001,A002,2026-10-25,5000,4488.043482,100.00,89.76,96.07701628,Delayed,8
PR00096,P001,A002,2026-11-01,5000,4437.84921,100.00,88.76,0,Delayed,8
PR00097,P001,A002,2026-11-08,5000,4531.783284,100.00,90.64,93.93407419,Delayed,8
PR00098,P001,A002,2026-11-15,5000,4359.079924,100.00,87.18,0,Delayed,8
PR00099,P001,A002,2026-11-22,5000,4711.151416,100.00,94.22,352.0714915,Delayed,8
PR00100,P001,A002,2026-11-29,5000,4561.111028,100.00,91.22,0,Delayed,8
PR00101,P001,A002,2026-12-06,5000,4342.608898,100.00,86.85,0,Delayed,8
PR00102,P001,A002,2026-12-13,5000,4422.273661,100.00,88.45,79.66476233,Delayed,8
PR00103,P001,A002,2026-12-20,5000,4654.864923,100.00,93.10,232.5912625,Delayed,8
PR00104,P001,A002,2026-12-27,5000,4746.672149,100.00,94.93,91.80722608,Delayed,8
PR00105,P001,A003,2026-01-11,0.3,0.305965674,30.00,30.60,0.305965674,In Progress,5
PR00106,P001,A003,2026-01-18,0.65,0.683790371,65.00,68.38,0.377824697,In Progress,5
PR00107,P001,A003,2026-01-25,1,0.96450433,100.00,96.45,0.280713959,In Progress,5
PR00108,P001,A003,2026-02-01,1,0.915366166,100.00,91.54,0,Delayed,5
PR00109,P001,A003,2026-02-08,1,0.87537838,100.00,87.54,0,Delayed,5
PR00110,P001,A003,2026-02-15,1,0.959369901,100.00,95.94,0.083991521,In Progress,5
PR00111,P001,A003,2026-02-22,1,0.921547062,100.00,92.15,0,Delayed,5
PR00112,P001,A003,2026-03-01,1,0.935462496,100.00,93.55,0.013915434,Delayed,5
PR00113,P001,A003,2026-03-08,1,0.928576612,100.00,92.86,0,Delayed,5
PR00114,P001,A003,2026-03-15,1,0.945072319,100.00,94.51,0.016495707,Delayed,5
PR00115,P001,A003,2026-03-22,1,0.987309308,100.00,98.73,0.042236989,In Progress,5
PR00116,P001,A003,2026-03-29,1,0.9554967,100.00,95.55,0,In Progress,5
PR00117,P001,A003,2026-04-05,1,0.944447781,100.00,94.44,0,Delayed,5
PR00118,P001,A003,2026-04-12,1,0.913752119,100.00,91.38,0,Delayed,5
PR00119,P001,A003,2026-04-19,1,0.891386097,100.00,89.14,0,Delayed,5
PR00120,P001,A003,2026-04-26,1,0.932979223,100.00,93.30,0.041593126,Delayed,5
PR00121,P001,A003,2026-05-03,1,0.948117611,100.00,94.81,0.015138388,Delayed,5
PR00122,P001,A003,2026-05-10,1,1,100.00,100.00,0.051882389,Completed,5
PR00123,P001,A003,2026-05-17,1,0.954559608,100.00,95.46,0,In Progress,5
PR00124,P001,A003,2026-05-24,1,0.984395883,100.00,98.44,0.029836275,In Progress,5
PR00125,P001,A003,2026-05-31,1,0.932524654,100.00,93.25,0,Delayed,5
PR00126,P001,A003,2026-06-07,1,0.908526968,100.00,90.85,0,Delayed,5
PR00127,P001,A003,2026-06-14,1,0.916220913,100.00,91.62,0.007693945,Delayed,5
PR00128,P001,A003,2026-06-21,1,0.924617088,100.00,92.46,0.008396174,Delayed,5
PR00129,P001,A003,2026-06-28,1,1,100.00,100.00,0.075382912,Completed,5
PR00130,P001,A003,2026-07-05,1,0.921251466,100.00,92.13,0,Delayed,5
PR00131,P001,A003,2026-07-12,1,0.979347122,100.00,97.93,0.058095656,In Progress,5
PR00132,P001,A003,2026-07-19,1,0.918397549,100.00,91.84,0,Delayed,5
PR00133,P001,A003,2026-07-26,1,0.982605055,100.00,98.26,0.064207507,In Progress,5
PR00134,P001,A003,2026-08-02,1,0.963473284,100.00,96.35,0,In Progress,5
PR00135,P001,A003,2026-08-09,1,0.944517674,100.00,94.45,0,Delayed,5
PR00136,P001,A003,2026-08-16,1,0.948573312,100.00,94.86,0.004055638,Delayed,5
PR00137,P001,A003,2026-08-23,1,0.927082431,100.00,92.71,0,Delayed,5
PR00138,P001,A003,2026-08-30,1,0.965612527,100.00,96.56,0.038530096,In Progress,5
PR00139,P001,A003,2026-09-06,1,0.934075578,100.00,93.41,0,Delayed,5
PR00140,P001,A003,2026-09-13,1,0.907103798,100.00,90.71,0,Delayed,5
PR00141,P001,A003,2026-09-20,1,0.905272185,100.00,90.53,0,Delayed,5
PR00142,P001,A003,2026-09-27,1,0.956040577,100.00,95.60,0.050768392,In Progress,5
PR00143,P001,A003,2026-10-04,1,1,100.00,100.00,0.043959423,Completed,5
PR00144,P001,A003,2026-10-11,1,0.955599706,100.00,95.56,0,In Progress,5
PR00145,P001,A003,2026-10-18,1,0.945847659,100.00,94.58,0,Delayed,5
PR00146,P001,A003,2026-10-25,1,0.960003915,100.00,96.00,0.014156256,In Progress,5
PR00147,P001,A003,2026-11-01,1,0.995710061,100.00,99.57,0.035706146,In Progress,5
PR00148,P001,A003,2026-11-08,1,0.957678388,100.00,95.77,0,In Progress,5
PR00149,P001,A003,2026-11-15,1,0.935617547,100.00,93.56,0,Delayed,5
PR00150,P001,A003,2026-11-22,1,0.988720105,100.00,98.87,0.053102558,In Progress,5
PR00151,P001,A003,2026-11-29,1,0.965006475,100.00,96.50,0,In Progress,5
PR00152,P001,A003,2026-12-06,1,1,100.00,100.00,0.034993525,Completed,5
PR00153,P001,A003,2026-12-13,1,0.956413205,100.00,95.64,0,In Progress,5
PR00154,P001,A003,2026-12-20,1,0.907143584,100.00,90.71,0,Delayed,5
PR00155,P001,A003,2026-12-27,1,0.902114428,100.00,90.21,0,Delayed,5
PR00156,P001,A004,2026-01-11,0.428571429,0.453335348,42.86,45.33,0.453335348,In Progress,0
PR00157,P001,A004,2026-01-18,1,1,100.00,100.00,0.546664652,Completed,0
PR00158,P001,A004,2026-01-25,1,0.993716828,100.00,99.37,0,In Progress,0
PR00159,P001,A004,2026-02-01,1,0.986588444,100.00,98.66,0,In Progress,0
PR00160,P001,A004,2026-02-08,1,1,100.00,100.00,0.013411556,Completed,0
PR00161,P001,A004,2026-02-15,1,0.961253401,100.00,96.13,0,In Progress,0
PR00162,P001,A004,2026-02-22,1,0.968684554,100.00,96.87,0.007431153,In Progress,0
PR00163,P001,A004,2026-03-01,1,1,100.00,100.00,0.031315446,Completed,0
PR00164,P001,A004,2026-03-08,1,0.986188821,100.00,98.62,0,In Progress,0
PR00165,P001,A004,2026-03-15,1,0.999820735,100.00,99.98,0.013631914,Completed,0
PR00166,P001,A004,2026-03-22,1,0.994279499,100.00,99.43,0,In Progress,0
PR00167,P001,A004,2026-03-29,1,1,100.00,100.00,0.005720501,Completed,0
PR00168,P001,A004,2026-04-05,1,1,100.00,100.00,0,Completed,0
PR00169,P001,A004,2026-04-12,1,1,100.00,100.00,0,Completed,0
PR00170,P001,A004,2026-04-19,1,1,100.00,100.00,0,Completed,0
PR00171,P001,A004,2026-04-26,1,0.928243976,100.00,92.82,0,Delayed,0
PR00172,P001,A004,2026-05-03,1,0.998294856,100.00,99.83,0.070050879,In Progress,0
PR00173,P001,A004,2026-05-10,1,0.970486941,100.00,97.05,0,In Progress,0
PR00174,P001,A004,2026-05-17,1,0.957341543,100.00,95.73,0,In Progress,0
PR00175,P001,A004,2026-05-24,1,0.969264667,100.00,96.93,0.011923124,In Progress,0
PR00176,P001,A004,2026-05-31,1,0.98830568,100.00,98.83,0.019041012,In Progress,0
PR00177,P001,A004,2026-06-07,1,1,100.00,100.00,0.01169432,Completed,0
PR00178,P001,A004,2026-06-14,1,0.953576255,100.00,95.36,0,In Progress,0
PR00179,P001,A004,2026-06-21,1,1,100.00,100.00,0.046423745,Completed,0
PR00180,P001,A004,2026-06-28,1,0.98305407,100.00,98.31,0,In Progress,0
PR00181,P001,A004,2026-07-05,1,0.988531442,100.00,98.85,0.005477372,In Progress,0
PR00182,P001,A004,2026-07-12,1,1,100.00,100.00,0.011468558,Completed,0
PR00183,P001,A004,2026-07-19,1,1,100.00,100.00,0,Completed,0
PR00184,P001,A004,2026-07-26,1,1,100.00,100.00,0,Completed,0
PR00185,P001,A004,2026-08-02,1,0.994592301,100.00,99.46,0,In Progress,0
PR00186,P001,A004,2026-08-09,1,0.975642009,100.00,97.56,0,In Progress,0
PR00187,P001,A004,2026-08-16,1,0.992164941,100.00,99.22,0.016522933,In Progress,0
PR00188,P001,A004,2026-08-23,1,1,100.00,100.00,0.007835059,Completed,0
PR00189,P001,A004,2026-08-30,1,1,100.00,100.00,0,Completed,0
PR00190,P001,A004,2026-09-06,1,0.962046417,100.00,96.20,0,In Progress,0
PR00191,P001,A004,2026-09-13,1,1,100.00,100.00,0.037953583,Completed,0
PR00192,P001,A004,2026-09-20,1,1,100.00,100.00,0,Completed,0
PR00193,P001,A004,2026-09-27,1,1,100.00,100.00,0,Completed,0
PR00194,P001,A004,2026-10-04,1,1,100.00,100.00,0,Completed,0
PR00195,P001,A004,2026-10-11,1,0.970136483,100.00,97.01,0,In Progress,0
PR00196,P001,A004,2026-10-18,1,0.989941582,100.00,98.99,0.0198051,In Progress,0
PR00197,P001,A004,2026-10-25,1,0.94877953,100.00,94.88,0,Delayed,0
PR00198,P001,A004,2026-11-01,1,0.979325255,100.00,97.93,0.030545725,In Progress,0
PR00199,P001,A004,2026-11-08,1,1,100.00,100.00,0.020674745,Completed,0
PR00200,P001,A004,2026-11-15,1,1,100.00,100.00,0,Completed,0
PR00201,P001,A004,2026-11-22,1,0.974482066,100.00,97.45,0,In Progress,0
PR00202,P001,A004,2026-11-29,1,0.977104875,100.00,97.71,0.002622809,In Progress,0
PR00203,P001,A004,2026-12-06,1,0.924844884,100.00,92.48,0,Delayed,0
PR00204,P001,A004,2026-12-13,1,0.994306693,100.00,99.43,0.069461809,In Progress,0
PR00205,P001,A004,2026-12-20,1,0.962815496,100.00,96.28,0,In Progress,0
PR00206,P001,A004,2026-12-27,1,0.98146962,100.00,98.15,0.018654124,In Progress,0
PR00207,P001,A005,2026-01-18,700,678.5169109,20.00,19.39,678.5169109,In Progress,0
PR00208,P001,A005,2026-01-25,1516.666667,1511.662896,43.33,43.19,833.1459851,In Progress,0
PR00209,P001,A005,2026-02-01,2333.333333,2189.785515,66.67,62.57,678.1226186,In Progress,0
PR00210,P001,A005,2026-02-08,3150,2988.258262,90.00,85.38,798.472747,In Progress,0
PR00211,P001,A005,2026-02-15,3500,3500,100.00,100.00,511.7417383,Completed,0
PR00212,P001,A005,2026-02-22,3500,3342.290734,100.00,95.49,0,In Progress,0
PR00213,P001,A005,2026-03-01,3500,3190.643767,100.00,91.16,0,Delayed,0
PR00214,P001,A005,2026-03-08,3500,3325,100.00,95.00,134.3562334,In Progress,0
PR00215,P001,A005,2026-03-15,3500,3325,100.00,95.00,0,In Progress,0
PR00216,P001,A005,2026-03-22,3500,3181.483088,100.00,90.90,0,Delayed,0
PR00217,P001,A005,2026-03-29,3500,3279.889503,100.00,93.71,98.40641482,Delayed,0
PR00218,P001,A005,2026-04-05,3500,3325,100.00,95.00,45.11049721,In Progress,0
PR00219,P001,A005,2026-04-12,3500,3325,100.00,95.00,0,In Progress,0
PR00220,P001,A005,2026-04-19,3500,3204.110008,100.00,91.55,0,Delayed,0
PR00221,P001,A005,2026-04-26,3500,3294.953464,100.00,94.14,90.84345598,Delayed,0
PR00222,P001,A005,2026-05-03,3500,3500,100.00,100.00,205.0465361,Completed,0
PR00223,P001,A005,2026-05-10,3500,3500,100.00,100.00,0,Completed,0
PR00224,P001,A005,2026-05-17,3500,3453.920881,100.00,98.68,0,In Progress,0
PR00225,P001,A005,2026-05-24,3500,3483.606687,100.00,99.53,29.68580557,In Progress,0
PR00226,P001,A005,2026-05-31,3500,3331.575263,100.00,95.19,0,In Progress,0
PR00227,P001,A005,2026-06-07,3500,3470.823716,100.00,99.17,139.2484529,In Progress,0
PR00228,P001,A005,2026-06-14,3500,3467.367532,100.00,99.07,0,In Progress,0
PR00229,P001,A005,2026-06-21,3500,3500,100.00,100.00,32.63246753,Completed,0
PR00230,P001,A005,2026-06-28,3500,3431.972416,100.00,98.06,0,In Progress,0
PR00231,P001,A005,2026-07-05,3500,3500,100.00,100.00,68.02758431,Completed,0
PR00232,P001,A005,2026-07-12,3500,3500,100.00,100.00,0,Completed,0
PR00233,P001,A005,2026-07-19,3500,3500,100.00,100.00,0,Completed,0
PR00234,P001,A005,2026-07-26,3500,3500,100.00,100.00,0,Completed,0
PR00235,P001,A005,2026-08-02,3500,3325,100.00,95.00,0,In Progress,0
PR00236,P001,A005,2026-08-09,3500,3325,100.00,95.00,0,In Progress,0
PR00237,P001,A005,2026-08-16,3500,3236.609141,100.00,92.47,0,Delayed,0
PR00238,P001,A005,2026-08-23,3500,3325,100.00,95.00,88.39085911,In Progress,0
PR00239,P001,A005,2026-08-30,3500,3313.082392,100.00,94.66,0,Delayed,0
PR00240,P001,A005,2026-09-06,3500,3325,100.00,95.00,11.91760831,In Progress,0
PR00241,P001,A005,2026-09-13,3500,3325,100.00,95.00,0,In Progress,0
PR00242,P001,A005,2026-09-20,3500,3325,100.00,95.00,0,In Progress,0
PR00243,P001,A005,2026-09-27,3500,3231.525492,100.00,92.33,0,Delayed,0
PR00244,P001,A005,2026-10-04,3500,3363.729595,100.00,96.11,132.2041029,In Progress,0
PR00245,P001,A005,2026-10-11,3500,3500,100.00,100.00,136.2704053,Completed,0
PR00246,P001,A005,2026-10-18,3500,3500,100.00,100.00,0,Completed,0
PR00247,P001,A005,2026-10-25,3500,3500,100.00,100.00,0,Completed,0
PR00248,P001,A005,2026-11-01,3500,3286.288217,100.00,93.89,0,Delayed,0
PR00249,P001,A005,2026-11-08,3500,3500,100.00,100.00,213.7117834,Completed,0
PR00250,P001,A005,2026-11-15,3500,3500,100.00,100.00,0,Completed,0
PR00251,P001,A005,2026-11-22,3500,3363.972241,100.00,96.11,0,In Progress,0
PR00252,P001,A005,2026-11-29,3500,3442.238211,100.00,98.35,78.26596993,In Progress,0
PR00253,P001,A005,2026-12-06,3500,3500,100.00,100.00,57.76178891,Completed,0
PR00254,P001,A005,2026-12-13,3500,3500,100.00,100.00,0,Completed,0
PR00255,P001,A005,2026-12-20,3500,3464.20903,100.00,98.98,0,In Progress,0
PR00256,P001,A005,2026-12-27,3500,3487.322687,100.00,99.64,23.11365742,In Progress,0
PR00257,P001,A006,2026-02-01,0,0,0.00,0.00,0,Not Started,8
PR00258,P001,A006,2026-02-08,630,582.9640034,35.00,32.39,582.9640034,In Progress,8
PR00259,P001,A006,2026-02-15,1260,1224.092796,70.00,68.01,641.1287926,In Progress,8
PR00260,P001,A006,2026-02-22,1800,1494.300518,100.00,83.02,270.2077222,Delayed,8
PR00261,P001,A006,2026-03-01,1800,1641.078433,100.00,91.17,146.7779151,Delayed,8
PR00262,P001,A006,2026-03-08,1800,1667.120283,100.00,92.62,26.04184921,Delayed,8
PR00263,P001,A006,2026-03-15,1800,1674.647621,100.00,93.04,7.527338804,Delayed,8
PR00264,P001,A006,2026-03-22,1800,1632.569381,100.00,90.70,0,Delayed,8
PR00265,P001,A006,2026-03-29,1800,1545.326528,100.00,85.85,0,Delayed,8
PR00266,P001,A006,2026-04-05,1800,1676.663715,100.00,93.15,131.3371878,Delayed,8
PR00267,P001,A006,2026-04-12,1800,1764.823063,100.00,98.05,88.15934802,In Progress,8
PR00268,P001,A006,2026-04-19,1800,1559.366731,100.00,86.63,0,Delayed,8
PR00269,P001,A006,2026-04-26,1800,1710.421165,100.00,95.02,151.0544334,In Progress,8
PR00270,P001,A006,2026-05-03,1800,1635.302911,100.00,90.85,0,Delayed,8
PR00271,P001,A006,2026-05-10,1800,1652.136566,100.00,91.79,16.83365527,Delayed,8
PR00272,P001,A006,2026-05-17,1800,1589.667394,100.00,88.31,0,Delayed,8
PR00273,P001,A006,2026-05-24,1800,1634.929261,100.00,90.83,45.26186732,Delayed,8
PR00274,P001,A006,2026-05-31,1800,1737.902809,100.00,96.55,102.9735483,In Progress,8
PR00275,P001,A006,2026-06-07,1800,1692.70728,100.00,94.04,0,Delayed,8
PR00276,P001,A006,2026-06-14,1800,1765.135631,100.00,98.06,72.4283509,In Progress,8
PR00277,P001,A006,2026-06-21,1800,1730.176949,100.00,96.12,0,In Progress,8
PR00278,P001,A006,2026-06-28,1800,1683.662461,100.00,93.54,0,Delayed,8
PR00279,P001,A006,2026-07-05,1800,1765.867875,100.00,98.10,82.20541438,In Progress,8
PR00280,P001,A006,2026-07-12,1800,1683.656569,100.00,93.54,0,Delayed,8
PR00281,P001,A006,2026-07-19,1800,1708.163255,100.00,94.90,24.50668614,Delayed,8
PR00282,P001,A006,2026-07-26,1800,1637.31603,100.00,90.96,0,Delayed,8
PR00283,P001,A006,2026-08-02,1800,1660.192386,100.00,92.23,22.87635647,Delayed,8
PR00284,P001,A006,2026-08-09,1800,1612.062299,100.00,89.56,0,Delayed,8
PR00285,P001,A006,2026-08-16,1800,1718.343788,100.00,95.46,106.2814887,In Progress,8
PR00286,P001,A006,2026-08-23,1800,1581.766872,100.00,87.88,0,Delayed,8
PR00287,P001,A006,2026-08-30,1800,1705.288072,100.00,94.74,123.5211998,Delayed,8
PR00288,P001,A006,2026-09-06,1800,1643.988983,100.00,91.33,0,Delayed,8
PR00289,P001,A006,2026-09-13,1800,1729.788567,100.00,96.10,85.79958351,In Progress,8
PR00290,P001,A006,2026-09-20,1800,1703.304746,100.00,94.63,0,Delayed,8
PR00291,P001,A006,2026-09-27,1800,1770.700708,100.00,98.37,67.39596164,In Progress,8
PR00292,P001,A006,2026-10-04,1800,1702.038806,100.00,94.56,0,Delayed,8
PR00293,P001,A006,2026-10-11,1800,1556.961464,100.00,86.50,0,Delayed,8
PR00294,P001,A006,2026-10-18,1800,1651.78195,100.00,91.77,94.82048621,Delayed,8
PR00295,P001,A006,2026-10-25,1800,1582.163547,100.00,87.90,0,Delayed,8
PR00296,P001,A006,2026-11-01,1800,1623.34837,100.00,90.19,41.18482306,Delayed,8
PR00297,P001,A006,2026-11-08,1800,1751.207391,100.00,97.29,127.8590214,In Progress,8
PR00298,P001,A006,2026-11-15,1800,1696.16463,100.00,94.23,0,Delayed,8
PR00299,P001,A006,2026-11-22,1800,1611.967383,100.00,89.55,0,Delayed,8
PR00300,P001,A006,2026-11-29,1800,1592.135806,100.00,88.45,0,Delayed,8
PR00301,P001,A006,2026-12-06,1800,1658.065272,100.00,92.11,65.92946594,Delayed,8
PR00302,P001,A006,2026-12-13,1800,1579.356711,100.00,87.74,0,Delayed,8
PR00303,P001,A006,2026-12-20,1800,1613.718163,100.00,89.65,34.36145194,Delayed,8
PR00304,P001,A006,2026-12-27,1800,1675.656597,100.00,93.09,61.93843418,Delayed,8
PR00305,P001,A007,2026-02-08,240,249.7046211,13.33,13.87,249.7046211,In Progress,0
PR00306,P001,A007,2026-02-15,1080,1103.011184,60.00,61.28,853.3065625,In Progress,0
PR00307,P001,A007,2026-02-22,1800,1655.648761,100.00,91.98,552.6375773,Delayed,0
PR00308,P001,A007,2026-03-01,1800,1800,100.00,100.00,144.351239,Completed,0
PR00309,P001,A007,2026-03-08,1800,1800,100.00,100.00,0,Completed,0
PR00310,P001,A007,2026-03-15,1800,1800,100.00,100.00,0,Completed,0
PR00311,P001,A007,2026-03-22,1800,1800,100.00,100.00,0,Completed,0
PR00312,P001,A007,2026-03-29,1800,1670.015989,100.00,92.78,0,Delayed,0
PR00313,P001,A007,2026-04-05,1800,1762.760484,100.00,97.93,92.74449565,In Progress,0
PR00314,P001,A007,2026-04-12,1800,1800,100.00,100.00,37.23951579,Completed,0
PR00315,P001,A007,2026-04-19,1800,1700.359553,100.00,94.46,0,Delayed,0
PR00316,P001,A007,2026-04-26,1800,1800,100.00,100.00,99.64044717,Completed,0
PR00317,P001,A007,2026-05-03,1800,1800,100.00,100.00,0,Completed,0
PR00318,P001,A007,2026-05-10,1800,1800,100.00,100.00,0,Completed,0
PR00319,P001,A007,2026-05-17,1800,1764.030549,100.00,98.00,0,In Progress,0
PR00320,P001,A007,2026-05-24,1800,1800,100.00,100.00,35.96945068,Completed,0
PR00321,P001,A007,2026-05-31,1800,1800,100.00,100.00,0,Completed,0
PR00322,P001,A007,2026-06-07,1800,1800,100.00,100.00,0,Completed,0
PR00323,P001,A007,2026-06-14,1800,1800,100.00,100.00,0,Completed,0
PR00324,P001,A007,2026-06-21,1800,1800,100.00,100.00,0,Completed,0
PR00325,P001,A007,2026-06-28,1800,1745.609248,100.00,96.98,0,In Progress,0
PR00326,P001,A007,2026-07-05,1800,1790.705693,100.00,99.48,45.09644482,In Progress,0
PR00327,P001,A007,2026-07-12,1800,1790.39108,100.00,99.47,0,In Progress,0
PR00328,P001,A007,2026-07-19,1800,1800,100.00,100.00,9.608919544,Completed,0
PR00329,P001,A007,2026-07-26,1800,1800,100.00,100.00,0,Completed,0
PR00330,P001,A007,2026-08-02,1800,1733.312227,100.00,96.30,0,In Progress,0
PR00331,P001,A007,2026-08-09,1800,1792.124431,100.00,99.56,58.81220425,In Progress,0
PR00332,P001,A007,2026-08-16,1800,1800,100.00,100.00,7.87556891,Completed,0
PR00333,P001,A007,2026-08-23,1800,1753.153942,100.00,97.40,0,In Progress,0
PR00334,P001,A007,2026-08-30,1800,1748.198249,100.00,97.12,0,In Progress,0
PR00335,P001,A007,2026-09-06,1800,1800,100.00,100.00,51.80175109,Completed,0
PR00336,P001,A007,2026-09-13,1800,1800,100.00,100.00,0,Completed,0
PR00337,P001,A007,2026-09-20,1800,1800,100.00,100.00,0,Completed,0
PR00338,P001,A007,2026-09-27,1800,1800,100.00,100.00,0,Completed,0
PR00339,P001,A007,2026-10-04,1800,1800,100.00,100.00,0,Completed,0
PR00340,P001,A007,2026-10-11,1800,1800,100.00,100.00,0,Completed,0
PR00341,P001,A007,2026-10-18,1800,1800,100.00,100.00,0,Completed,0
PR00342,P001,A007,2026-10-25,1800,1800,100.00,100.00,0,Completed,0
PR00343,P001,A007,2026-11-01,1800,1787.074814,100.00,99.28,0,In Progress,0
PR00344,P001,A007,2026-11-08,1800,1673.778096,100.00,92.99,0,Delayed,0
PR00345,P001,A007,2026-11-15,1800,1800,100.00,100.00,126.2219044,Completed,0
PR00346,P001,A007,2026-11-22,1800,1771.164936,100.00,98.40,0,In Progress,0
PR00347,P001,A007,2026-11-29,1800,1800,100.00,100.00,28.83506415,Completed,0
PR00348,P001,A007,2026-12-06,1800,1800,100.00,100.00,0,Completed,0
PR00349,P001,A007,2026-12-13,1800,1699.057649,100.00,94.39,0,Delayed,0
PR00350,P001,A007,2026-12-20,1800,1721.146226,100.00,95.62,22.0885766,In Progress,0
PR00351,P001,A007,2026-12-27,1800,1699.11949,100.00,94.40,0,Delayed,0
PR00352,P001,A008,2026-01-25,472.2222222,435.485803,27.78,25.62,435.485803,In Progress,5
PR00353,P001,A008,2026-02-01,1133.333333,1094.105585,66.67,64.36,658.6197824,In Progress,5
PR00354,P001,A008,2026-02-08,1700,1646.189177,100.00,96.83,552.0835913,In Progress,5
PR00355,P001,A008,2026-02-15,1700,1631.438314,100.00,95.97,0,In Progress,5
PR00356,P001,A008,2026-02-22,1700,1530.94043,100.00,90.06,0,Delayed,5
PR00357,P001,A008,2026-03-01,1700,1477.548846,100.00,86.91,0,Delayed,5
PR00358,P001,A008,2026-03-08,1700,1618.234038,100.00,95.19,140.6851928,In Progress,5
PR00359,P001,A008,2026-03-15,1700,1586.929326,100.00,93.35,0,Delayed,5
PR00360,P001,A008,2026-03-22,1700,1642.333453,100.00,96.61,55.40412742,In Progress,5
PR00361,P001,A008,2026-03-29,1700,1656.766241,100.00,97.46,14.43278734,In Progress,5
PR00362,P001,A008,2026-04-05,1700,1623.225365,100.00,95.48,0,In Progress,5
PR00363,P001,A008,2026-04-12,1700,1660.227919,100.00,97.66,37.00255337,In Progress,5
PR00364,P001,A008,2026-04-19,1700,1628.638077,100.00,95.80,0,In Progress,5
PR00365,P001,A008,2026-04-26,1700,1646.53885,100.00,96.86,17.90077322,In Progress,5
PR00366,P001,A008,2026-05-03,1700,1573.071941,100.00,92.53,0,Delayed,5
PR00367,P001,A008,2026-05-10,1700,1604.313121,100.00,94.37,31.24118002,Delayed,5
PR00368,P001,A008,2026-05-17,1700,1626.708178,100.00,95.69,22.39505687,In Progress,5
PR00369,P001,A008,2026-05-24,1700,1663.821444,100.00,97.87,37.11326654,In Progress,5
PR00370,P001,A008,2026-05-31,1700,1591.5724,100.00,93.62,0,Delayed,5
PR00371,P001,A008,2026-06-07,1700,1646.009452,100.00,96.82,54.43705146,In Progress,5
PR00372,P001,A008,2026-06-14,1700,1599.182592,100.00,94.07,0,Delayed,5
PR00373,P001,A008,2026-06-21,1700,1608.006241,100.00,94.59,8.823649163,Delayed,5
PR00374,P001,A008,2026-06-28,1700,1664.356383,100.00,97.90,56.35014196,In Progress,5
PR00375,P001,A008,2026-07-05,1700,1496.412908,100.00,88.02,0,Delayed,5
PR00376,P001,A008,2026-07-12,1700,1537.859896,100.00,90.46,41.44698856,Delayed,5
PR00377,P001,A008,2026-07-19,1700,1526.809969,100.00,89.81,0,Delayed,5
PR00378,P001,A008,2026-07-26,1700,1476.149841,100.00,86.83,0,Delayed,5
PR00379,P001,A008,2026-08-02,1700,1574.643266,100.00,92.63,98.49342494,Delayed,5
PR00380,P001,A008,2026-08-09,1700,1659.591317,100.00,97.62,84.94805122,In Progress,5
PR00381,P001,A008,2026-08-16,1700,1598.049398,100.00,94.00,0,Delayed,5
PR00382,P001,A008,2026-08-23,1700,1626.76851,100.00,95.69,28.71911183,In Progress,5
PR00383,P001,A008,2026-08-30,1700,1679.808441,100.00,98.81,53.03993118,In Progress,5
PR00384,P001,A008,2026-09-06,1700,1693.997325,100.00,99.65,14.18888382,In Progress,5
PR00385,P001,A008,2026-09-13,1700,1610.886293,100.00,94.76,0,Delayed,5
PR00386,P001,A008,2026-09-20,1700,1695.53836,100.00,99.74,84.65206755,In Progress,5
PR00387,P001,A008,2026-09-27,1700,1620.481536,100.00,95.32,0,In Progress,5
PR00388,P001,A008,2026-10-04,1700,1565.174806,100.00,92.07,0,Delayed,5
PR00389,P001,A008,2026-10-11,1700,1579.633179,100.00,92.92,14.45837336,Delayed,5
PR00390,P001,A008,2026-10-18,1700,1526.908078,100.00,89.82,0,Delayed,5
PR00391,P001,A008,2026-10-25,1700,1562.156036,100.00,91.89,35.2479582,Delayed,5
PR00392,P001,A008,2026-11-01,1700,1593.698007,100.00,93.75,31.54197136,Delayed,5
PR00393,P001,A008,2026-11-08,1700,1662.813309,100.00,97.81,69.11530159,In Progress,5
PR00394,P001,A008,2026-11-15,1700,1700,100.00,100.00,37.18669135,Completed,5
PR00395,P001,A008,2026-11-22,1700,1532.7602,100.00,90.16,0,Delayed,5
PR00396,P001,A008,2026-11-29,1700,1638.373234,100.00,96.37,105.6130345,In Progress,5
PR00397,P001,A008,2026-12-06,1700,1553.087636,100.00,91.36,0,Delayed,5
PR00398,P001,A008,2026-12-13,1700,1643.244477,100.00,96.66,90.15684114,In Progress,5
PR00399,P001,A008,2026-12-20,1700,1607.200344,100.00,94.54,0,Delayed,5
PR00400,P001,A008,2026-12-27,1700,1506.061103,100.00,88.59,0,Delayed,5
PR00401,P001,A009,2026-02-15,0,0,0.00,0.00,0,Not Started,0
PR00402,P001,A009,2026-02-22,175,171.2943706,38.89,38.07,171.2943706,In Progress,0
PR00403,P001,A009,2026-03-01,350,343.4597221,77.78,76.32,172.1653514,In Progress,0
PR00404,P001,A009,2026-03-08,450,433.1513995,100.00,96.26,89.69167744,In Progress,0
PR00405,P001,A009,2026-03-15,450,439.6950384,100.00,97.71,6.54363887,In Progress,0
PR00406,P001,A009,2026-03-22,450,450,100.00,100.00,10.30496161,Completed,0
PR00407,P001,A009,2026-03-29,450,447.0194016,100.00,99.34,0,In Progress,0
PR00408,P001,A009,2026-04-05,450,450,100.00,100.00,2.98059837,Completed,0
PR00409,P001,A009,2026-04-12,450,450,100.00,100.00,0,Completed,0
PR00410,P001,A009,2026-04-19,450,450,100.00,100.00,0,Completed,0
PR00411,P001,A009,2026-04-26,450,444.6011181,100.00,98.80,0,In Progress,0
PR00412,P001,A009,2026-05-03,450,426.7394894,100.00,94.83,0,Delayed,0
PR00413,P001,A009,2026-05-10,450,450,100.00,100.00,23.26051062,Completed,0
PR00414,P001,A009,2026-05-17,450,444.7790613,100.00,98.84,0,In Progress,0
PR00415,P001,A009,2026-05-24,450,450,100.00,100.00,5.220938711,Completed,0
PR00416,P001,A009,2026-05-31,450,450,100.00,100.00,0,Completed,0
PR00417,P001,A009,2026-06-07,450,447.9345839,100.00,99.54,0,In Progress,0
PR00418,P001,A009,2026-06-14,450,450,100.00,100.00,2.065416101,Completed,0
PR00419,P001,A009,2026-06-21,450,450,100.00,100.00,0,Completed,0
PR00420,P001,A009,2026-06-28,450,450,100.00,100.00,0,Completed,0
PR00421,P001,A009,2026-07-05,450,450,100.00,100.00,0,Completed,0
PR00422,P001,A009,2026-07-12,450,450,100.00,100.00,0,Completed,0
PR00423,P001,A009,2026-07-19,450,450,100.00,100.00,0,Completed,0
PR00424,P001,A009,2026-07-26,450,436.6808387,100.00,97.04,0,In Progress,0
PR00425,P001,A009,2026-08-02,450,450,100.00,100.00,13.31916127,Completed,0
PR00426,P001,A009,2026-08-09,450,449.5926601,100.00,99.91,0,Completed,0
PR00427,P001,A009,2026-08-16,450,450,100.00,100.00,0.407339855,Completed,0
PR00428,P001,A009,2026-08-23,450,436.8744413,100.00,97.08,0,In Progress,0
PR00429,P001,A009,2026-08-30,450,424.964312,100.00,94.44,0,Delayed,0
PR00430,P001,A009,2026-09-06,450,417.3505109,100.00,92.74,0,Delayed,0
PR00431,P001,A009,2026-09-13,450,432.4012002,100.00,96.09,15.05068934,In Progress,0
PR00432,P001,A009,2026-09-20,450,442.7758643,100.00,98.39,10.37466404,In Progress,0
PR00433,P001,A009,2026-09-27,450,445.3822325,100.00,98.97,2.606368248,In Progress,0
PR00434,P001,A009,2026-10-04,450,450,100.00,100.00,4.61776749,Completed,0
PR00435,P001,A009,2026-10-11,450,450,100.00,100.00,0,Completed,0
PR00436,P001,A009,2026-10-18,450,434.8470649,100.00,96.63,0,In Progress,0
PR00437,P001,A009,2026-10-25,450,450,100.00,100.00,15.15293508,Completed,0
PR00438,P001,A009,2026-11-01,450,443.5885178,100.00,98.58,0,In Progress,0
PR00439,P001,A009,2026-11-08,450,445.5212696,100.00,99.00,1.932751773,In Progress,0
PR00440,P001,A009,2026-11-15,450,450,100.00,100.00,4.478730449,Completed,0
PR00441,P001,A009,2026-11-22,450,450,100.00,100.00,0,Completed,0
PR00442,P001,A009,2026-11-29,450,444.6566789,100.00,98.81,0,In Progress,0
PR00443,P001,A009,2026-12-06,450,450,100.00,100.00,5.343321121,Completed,0
PR00444,P001,A009,2026-12-13,450,432.0144729,100.00,96.00,0,In Progress,0
PR00445,P001,A009,2026-12-20,450,450,100.00,100.00,17.98552706,Completed,0
PR00446,P001,A009,2026-12-27,450,450,100.00,100.00,0,Completed,0
PR00447,P001,A010,2026-02-22,6.8,6.853092979,8.00,8.06,6.853092979,In Progress,0
PR00448,P001,A010,2026-03-01,30.6,32.13497274,36.00,37.81,25.28187976,In Progress,0
PR00449,P001,A010,2026-03-08,54.4,54.57425442,64.00,64.21,22.43928168,In Progress,0
PR00450,P001,A010,2026-03-15,78.2,79.78958691,92.00,93.87,25.21533249,In Progress,0
PR00451,P001,A010,2026-03-22,85,84.83107,100.00,99.80,5.041483087,In Progress,0
PR00452,P001,A010,2026-03-29,85,84.49303745,100.00,99.40,0,In Progress,0
PR00453,P001,A010,2026-04-05,85,82.68103987,100.00,97.27,0,In Progress,0
PR00454,P001,A010,2026-04-12,85,85,100.00,100.00,2.31896013,Completed,0
PR00455,P001,A010,2026-04-19,85,82.46667686,100.00,97.02,0,In Progress,0
PR00456,P001,A010,2026-04-26,85,85,100.00,100.00,2.533323138,Completed,0
PR00457,P001,A010,2026-05-03,85,85,100.00,100.00,0,Completed,0
PR00458,P001,A010,2026-05-10,85,85,100.00,100.00,0,Completed,0
PR00459,P001,A010,2026-05-17,85,84.14841002,100.00,99.00,0,In Progress,0
PR00460,P001,A010,2026-05-24,85,85,100.00,100.00,0.851589982,Completed,0
PR00461,P001,A010,2026-05-31,85,84.08169766,100.00,98.92,0,In Progress,0
PR00462,P001,A010,2026-06-07,85,85,100.00,100.00,0.91830234,Completed,0
PR00463,P001,A010,2026-06-14,85,79.5515669,100.00,93.59,0,Delayed,0
PR00464,P001,A010,2026-06-21,85,84.00156808,100.00,98.83,4.45000118,In Progress,0
PR00465,P001,A010,2026-06-28,85,79.07733431,100.00,93.03,0,Delayed,0
PR00466,P001,A010,2026-07-05,85,80.55219403,100.00,94.77,1.474859716,Delayed,0
PR00467,P001,A010,2026-07-12,85,85,100.00,100.00,4.44780597,Completed,0
PR00468,P001,A010,2026-07-19,85,85,100.00,100.00,0,Completed,0
PR00469,P001,A010,2026-07-26,85,82.85954631,100.00,97.48,0,In Progress,0
PR00470,P001,A010,2026-08-02,85,80.53005222,100.00,94.74,0,Delayed,0
PR00471,P001,A010,2026-08-09,85,76.18052671,100.00,89.62,0,Delayed,0
PR00472,P001,A010,2026-08-16,85,83.38310086,100.00,98.10,7.202574156,In Progress,0
PR00473,P001,A010,2026-08-23,85,85,100.00,100.00,1.616899136,Completed,0
PR00474,P001,A010,2026-08-30,85,85,100.00,100.00,0,Completed,0
PR00475,P001,A010,2026-09-06,85,83.33527245,100.00,98.04,0,In Progress,0
PR00476,P001,A010,2026-09-13,85,85,100.00,100.00,1.664727551,Completed,0
PR00477,P001,A010,2026-09-20,85,80.3561489,100.00,94.54,0,Delayed,0
PR00478,P001,A010,2026-09-27,85,84.115463,100.00,98.96,3.759314096,In Progress,0
PR00479,P001,A010,2026-10-04,85,85,100.00,100.00,0.884537004,Completed,0
PR00480,P001,A010,2026-10-11,85,84.74385056,100.00,99.70,0,In Progress,0
PR00481,P001,A010,2026-10-18,85,85,100.00,100.00,0.256149439,Completed,0
PR00482,P001,A010,2026-10-25,85,85,100.00,100.00,0,Completed,0
PR00483,P001,A010,2026-11-01,85,85,100.00,100.00,0,Completed,0
PR00484,P001,A010,2026-11-08,85,82.95209246,100.00,97.59,0,In Progress,0
PR00485,P001,A010,2026-11-15,85,85,100.00,100.00,2.04790754,Completed,0
PR00486,P001,A010,2026-11-22,85,85,100.00,100.00,0,Completed,0
PR00487,P001,A010,2026-11-29,85,82.11380518,100.00,96.60,0,In Progress,0
PR00488,P001,A010,2026-12-06,85,82.35910542,100.00,96.89,0.245300245,In Progress,0
PR00489,P001,A010,2026-12-13,85,85,100.00,100.00,2.640894576,Completed,0
PR00490,P001,A010,2026-12-20,85,84.43075164,100.00,99.33,0,In Progress,0
PR00491,P001,A010,2026-12-27,85,85,100.00,100.00,0.56924836,Completed,0
PR00492,P001,A011,2026-03-01,0,0,0.00,0.00,0,Not Started,3
PR00493,P001,A011,2026-03-08,151.6666667,154.8405336,23.33,23.82,154.8405336,In Progress,3
PR00494,P001,A011,2026-03-15,303.3333333,295.6292744,46.67,45.48,140.7887408,In Progress,3
PR00495,P001,A011,2026-03-22,455,445.462294,70.00,68.53,149.8330196,In Progress,3
PR00496,P001,A011,2026-03-29,606.6666667,621.690846,93.33,95.64,176.228552,In Progress,3
PR00497,P001,A011,2026-04-05,650,622.2697216,100.00,95.73,0.578875645,In Progress,3
PR00498,P001,A011,2026-04-12,650,609.0894723,100.00,93.71,0,Delayed,3
PR00499,P001,A011,2026-04-19,650,620.2951643,100.00,95.43,11.20569195,In Progress,3
PR00500,P001,A011,2026-04-26,650,640.7905974,100.00,98.58,20.49543311,In Progress,3
PR00501,P001,A011,2026-05-03,650,594.8789811,100.00,91.52,0,Delayed,3
PR00502,P001,A011,2026-05-10,650,645.002463,100.00,99.23,50.12348193,In Progress,3
PR00503,P001,A011,2026-05-17,650,618.2429525,100.00,95.11,0,In Progress,3
PR00504,P001,A011,2026-05-24,650,650,100.00,100.00,31.75704748,Completed,3
PR00505,P001,A011,2026-05-31,650,576.0305781,100.00,88.62,0,Delayed,3
PR00506,P001,A011,2026-06-07,650,612.6056286,100.00,94.25,36.57505055,Delayed,3
PR00507,P001,A011,2026-06-14,650,592.1328496,100.00,91.10,0,Delayed,3
PR00508,P001,A011,2026-06-21,650,611.7032796,100.00,94.11,19.57043008,Delayed,3
PR00509,P001,A011,2026-06-28,650,636.1343993,100.00,97.87,24.43111961,In Progress,3
PR00510,P001,A011,2026-07-05,650,626.4225943,100.00,96.37,0,In Progress,3
PR00511,P001,A011,2026-07-12,650,624.7356603,100.00,96.11,0,In Progress,3
PR00512,P001,A011,2026-07-19,650,626.8785442,100.00,96.44,2.14288387,In Progress,3
PR00513,P001,A011,2026-07-26,650,635.1270825,100.00,97.71,8.248538298,In Progress,3
PR00514,P001,A011,2026-08-02,650,607.555805,100.00,93.47,0,Delayed,3
PR00515,P001,A011,2026-08-09,650,646.5808293,100.00,99.47,39.02502428,In Progress,3
PR00516,P001,A011,2026-08-16,650,645.5756508,100.00,99.32,0,In Progress,3
PR00517,P001,A011,2026-08-23,650,639.2596131,100.00,98.35,0,In Progress,3
PR00518,P001,A011,2026-08-30,650,643.1611358,100.00,98.95,3.901522741,In Progress,3
PR00519,P001,A011,2026-09-06,650,637.2435095,100.00,98.04,0,In Progress,3
PR00520,P001,A011,2026-09-13,650,650,100.00,100.00,12.75649048,Completed,3
PR00521,P001,A011,2026-09-20,650,628.5186076,100.00,96.70,0,In Progress,3
PR00522,P001,A011,2026-09-27,650,623.5138568,100.00,95.93,0,In Progress,3
PR00523,P001,A011,2026-10-04,650,613.3572475,100.00,94.36,0,Delayed,3
PR00524,P001,A011,2026-10-11,650,607.0160242,100.00,93.39,0,Delayed,3
PR00525,P001,A011,2026-10-18,650,602.1882668,100.00,92.64,0,Delayed,3
PR00526,P001,A011,2026-10-25,650,610.2798611,100.00,93.89,8.091594292,Delayed,3
PR00527,P001,A011,2026-11-01,650,628.8920213,100.00,96.75,18.61216019,In Progress,3
PR00528,P001,A011,2026-11-08,650,638.1052142,100.00,98.17,9.213192856,In Progress,3
PR00529,P001,A011,2026-11-15,650,631.6634818,100.00,97.18,0,In Progress,3
PR00530,P001,A011,2026-11-22,650,613.0840724,100.00,94.32,0,Delayed,3
PR00531,P001,A011,2026-11-29,650,650,100.00,100.00,36.91592756,Completed,3
PR00532,P001,A011,2026-12-06,650,647.3216383,100.00,99.59,0,In Progress,3
PR00533,P001,A011,2026-12-13,650,626.868001,100.00,96.44,0,In Progress,3
PR00534,P001,A011,2026-12-20,650,615.6461577,100.00,94.71,0,Delayed,3
PR00535,P001,A011,2026-12-27,650,642.9767352,100.00,98.92,27.33057749,In Progress,3
PR00536,P001,A012,2026-03-15,0,0,0.00,0.00,0,Not Started,12
PR00537,P001,A012,2026-03-22,70,58.05208821,31.82,26.39,58.05208821,Delayed,12
PR00538,P001,A012,2026-03-29,140,122.8668967,63.64,55.85,64.81480853,Delayed,12
PR00539,P001,A012,2026-04-05,210,186.7259632,95.45,84.88,63.85906647,Delayed,12
PR00540,P001,A012,2026-04-12,220,186.6723501,100.00,84.85,0,Delayed,12
PR00541,P001,A012,2026-04-19,220,195.0617941,100.00,88.66,8.389443981,Delayed,12
PR00542,P001,A012,2026-04-26,220,182.3978669,100.00,82.91,0,Delayed,12
PR00543,P001,A012,2026-05-03,220,203.888633,100.00,92.68,21.49076611,Delayed,12
PR00544,P001,A012,2026-05-10,220,203.2092149,100.00,92.37,0,Delayed,12
PR00545,P001,A012,2026-05-17,220,191.6556165,100.00,87.12,0,Delayed,12
PR00546,P001,A012,2026-05-24,220,196.3985984,100.00,89.27,4.742981875,Delayed,12
PR00547,P001,A012,2026-05-31,220,175.0436009,100.00,79.57,0,Delayed,12
PR00548,P001,A012,2026-06-07,220,184.696123,100.00,83.95,9.652522153,Delayed,12
PR00549,P001,A012,2026-06-14,220,191.3379023,100.00,86.97,6.641779299,Delayed,12
PR00550,P001,A012,2026-06-21,220,185.3445757,100.00,84.25,0,Delayed,12
PR00551,P001,A012,2026-06-28,220,199.1008529,100.00,90.50,13.75627718,Delayed,12
PR00552,P001,A012,2026-07-05,220,208.9791833,100.00,94.99,9.878330371,Delayed,12
PR00553,P001,A012,2026-07-12,220,184.5400667,100.00,83.88,0,Delayed,12
PR00554,P001,A012,2026-07-19,220,187.1515318,100.00,85.07,2.611465128,Delayed,12
PR00555,P001,A012,2026-07-26,220,195.4129524,100.00,88.82,8.261420647,Delayed,12
PR00556,P001,A012,2026-08-02,220,206.0055943,100.00,93.64,10.59264191,Delayed,12
PR00557,P001,A012,2026-08-09,220,184.1877178,100.00,83.72,0,Delayed,12
PR00558,P001,A012,2026-08-16,220,195.5175781,100.00,88.87,11.32986035,Delayed,12
PR00559,P001,A012,2026-08-23,220,207.6240012,100.00,94.37,12.10642301,Delayed,12
PR00560,P001,A012,2026-08-30,220,180.8814546,100.00,82.22,0,Delayed,12
PR00561,P001,A012,2026-09-06,220,183.7357671,100.00,83.52,2.854312548,Delayed,12
PR00562,P001,A012,2026-09-13,220,190.3382291,100.00,86.52,6.602462023,Delayed,12
PR00563,P001,A012,2026-09-20,220,189.5914692,100.00,86.18,0,Delayed,12
PR00564,P001,A012,2026-09-27,220,199.8570299,100.00,90.84,10.26556069,Delayed,12
PR00565,P001,A012,2026-10-04,220,195.4607798,100.00,88.85,0,Delayed,12
PR00566,P001,A012,2026-10-11,220,179.9327921,100.00,81.79,0,Delayed,12
PR00567,P001,A012,2026-10-18,220,197.5686601,100.00,89.80,17.63586796,Delayed,12
PR00568,P001,A012,2026-10-25,220,189.1529506,100.00,85.98,0,Delayed,12
PR00569,P001,A012,2026-11-01,220,203.4132436,100.00,92.46,14.260293,Delayed,12
PR00570,P001,A012,2026-11-08,220,188.767576,100.00,85.80,0,Delayed,12
PR00571,P001,A012,2026-11-15,220,188.6980623,100.00,85.77,0,Delayed,12
PR00572,P001,A012,2026-11-22,220,197.7667134,100.00,89.89,9.068651083,Delayed,12
PR00573,P001,A012,2026-11-29,220,199.4745339,100.00,90.67,1.707820511,Delayed,12
PR00574,P001,A012,2026-12-06,220,197.0503651,100.00,89.57,0,Delayed,12
PR00575,P001,A012,2026-12-13,220,180.6209007,100.00,82.10,0,Delayed,12
PR00576,P001,A012,2026-12-20,220,197.7428652,100.00,89.88,17.12196453,Delayed,12
PR00577,P001,A012,2026-12-27,220,185.635828,100.00,84.38,0,Delayed,12
PR00578,P001,A013,2026-03-29,36,34.4964479,20.00,19.16,34.4964479,In Progress,5
PR00579,P001,A013,2026-04-05,99,89.11676018,55.00,49.51,54.62031228,Delayed,5
PR00580,P001,A013,2026-04-12,162,156.4306466,90.00,86.91,67.3138864,In Progress,5
PR00581,P001,A013,2026-04-19,180,165.9184269,100.00,92.18,9.487780326,Delayed,5
PR00582,P001,A013,2026-04-26,180,162.9194017,100.00,90.51,0,Delayed,5
PR00583,P001,A013,2026-05-03,180,175.4970669,100.00,97.50,12.57766516,In Progress,5
PR00584,P001,A013,2026-05-10,180,172.5223605,100.00,95.85,0,In Progress,5
PR00585,P001,A013,2026-05-17,180,167.1319462,100.00,92.85,0,Delayed,5
PR00586,P001,A013,2026-05-24,180,180,100.00,100.00,12.86805385,Completed,5
PR00587,P001,A013,2026-05-31,180,168.2238897,100.00,93.46,0,Delayed,5
PR00588,P001,A013,2026-06-07,180,171.2022783,100.00,95.11,2.978388602,In Progress,5
PR00589,P001,A013,2026-06-14,180,172.6941547,100.00,95.94,1.491876374,In Progress,5
PR00590,P001,A013,2026-06-21,180,167.0961046,100.00,92.83,0,Delayed,5
PR00591,P001,A013,2026-06-28,180,173.9681586,100.00,96.65,6.872054033,In Progress,5
PR00592,P001,A013,2026-07-05,180,167.6392502,100.00,93.13,0,Delayed,5
PR00593,P001,A013,2026-07-12,180,168.4066786,100.00,93.56,0.767428357,Delayed,5
PR00594,P001,A013,2026-07-19,180,179.5846486,100.00,99.77,11.17797006,In Progress,5
PR00595,P001,A013,2026-07-26,180,164.4443079,100.00,91.36,0,Delayed,5
PR00596,P001,A013,2026-08-02,180,155.7994839,100.00,86.56,0,Delayed,5
PR00597,P001,A013,2026-08-09,180,180,100.00,100.00,24.20051608,Completed,5
PR00598,P001,A013,2026-08-16,180,180,100.00,100.00,0,Completed,5
PR00599,P001,A013,2026-08-23,180,168.4468036,100.00,93.58,0,Delayed,5
PR00600,P001,A013,2026-08-30,180,158.7979203,100.00,88.22,0,Delayed,5
PR00601,P001,A013,2026-09-06,180,169.0439509,100.00,93.91,10.24603061,Delayed,5
PR00602,P001,A013,2026-09-13,180,169.1967954,100.00,94.00,0.152844466,Delayed,5
PR00603,P001,A013,2026-09-20,180,169.8034798,100.00,94.34,0.606684386,Delayed,5
PR00604,P001,A013,2026-09-27,180,163.9856553,100.00,91.10,0,Delayed,5
PR00605,P001,A013,2026-10-04,180,174.6512352,100.00,97.03,10.66557986,In Progress,5
PR00606,P001,A013,2026-10-11,180,174.3043965,100.00,96.84,0,In Progress,5
PR00607,P001,A013,2026-10-18,180,161.5852446,100.00,89.77,0,Delayed,5
PR00608,P001,A013,2026-10-25,180,175.4049394,100.00,97.45,13.81969481,In Progress,5
PR00609,P001,A013,2026-11-01,180,180,100.00,100.00,4.59506059,Completed,5
PR00610,P001,A013,2026-11-08,180,172.0833501,100.00,95.60,0,In Progress,5
PR00611,P001,A013,2026-11-15,180,168.8748515,100.00,93.82,0,Delayed,5
PR00612,P001,A013,2026-11-22,180,170.1053797,100.00,94.50,1.23052827,Delayed,5
PR00613,P001,A013,2026-11-29,180,174.8761176,100.00,97.15,4.770737883,In Progress,5
PR00614,P001,A013,2026-12-06,180,160.0967689,100.00,88.94,0,Delayed,5
PR00615,P001,A013,2026-12-13,180,172.0356614,100.00,95.58,11.93889254,In Progress,5
PR00616,P001,A013,2026-12-20,180,168.5400771,100.00,93.63,0,Delayed,5
PR00617,P001,A013,2026-12-27,180,180,100.00,100.00,11.45992288,Completed,5
PR00618,P001,A014,2026-04-12,170,155.3636722,20.00,18.28,155.3636722,In Progress,8
PR00619,P001,A014,2026-04-19,765,748.4576908,90.00,88.05,593.0940186,In Progress,8
PR00620,P001,A014,2026-04-26,850,749.1637142,100.00,88.14,0.706023453,Delayed,8
PR00621,P001,A014,2026-05-03,850,799.4709602,100.00,94.06,50.30724597,Delayed,8
PR00622,P001,A014,2026-05-10,850,791.5021578,100.00,93.12,0,Delayed,8
PR00623,P001,A014,2026-05-17,850,756.1458444,100.00,88.96,0,Delayed,8
PR00624,P001,A014,2026-05-24,850,787.2775344,100.00,92.62,31.13169003,Delayed,8
PR00625,P001,A014,2026-05-31,850,818.0724354,100.00,96.24,30.79490099,In Progress,8
PR00626,P001,A014,2026-06-07,850,772.3671968,100.00,90.87,0,Delayed,8
PR00627,P001,A014,2026-06-14,850,731.6641112,100.00,86.08,0,Delayed,8
PR00628,P001,A014,2026-06-21,850,781.4775059,100.00,91.94,49.81339473,Delayed,8
PR00629,P001,A014,2026-06-28,850,755.1529129,100.00,88.84,0,Delayed,8
PR00630,P001,A014,2026-07-05,850,771.8153571,100.00,90.80,16.66244414,Delayed,8
PR00631,P001,A014,2026-07-12,850,779.5727639,100.00,91.71,7.757406777,Delayed,8
PR00632,P001,A014,2026-07-19,850,731.2568466,100.00,86.03,0,Delayed,8
PR00633,P001,A014,2026-07-26,850,733.9341644,100.00,86.35,2.677317832,Delayed,8
PR00634,P001,A014,2026-08-02,850,796.3414884,100.00,93.69,62.40732395,Delayed,8
PR00635,P001,A014,2026-08-09,850,766.4491188,100.00,90.17,0,Delayed,8
PR00636,P001,A014,2026-08-16,850,705.6988558,100.00,83.02,0,Delayed,8
PR00637,P001,A014,2026-08-23,850,805.3491101,100.00,94.75,99.65025426,Delayed,8
PR00638,P001,A014,2026-08-30,850,790.1030002,100.00,92.95,0,Delayed,8
PR00639,P001,A014,2026-09-06,850,760.762224,100.00,89.50,0,Delayed,8
PR00640,P001,A014,2026-09-13,850,742.8243012,100.00,87.39,0,Delayed,8
PR00641,P001,A014,2026-09-20,850,806.8652849,100.00,94.93,64.04098369,Delayed,8
PR00642,P001,A014,2026-09-27,850,792.393181,100.00,93.22,0,Delayed,8
PR00643,P001,A014,2026-10-04,850,850,100.00,100.00,57.60681898,Completed,8
PR00644,P001,A014,2026-10-11,850,794.5006108,100.00,93.47,0,Delayed,8
PR00645,P001,A014,2026-10-18,850,793.5341685,100.00,93.36,0,Delayed,8
PR00646,P001,A014,2026-10-25,850,777.0338941,100.00,91.42,0,Delayed,8
PR00647,P001,A014,2026-11-01,850,806.299082,100.00,94.86,29.26518797,Delayed,8
PR00648,P001,A014,2026-11-08,850,800.5962847,100.00,94.19,0,Delayed,8
PR00649,P001,A014,2026-11-15,850,819.238819,100.00,96.38,18.64253427,In Progress,8
PR00650,P001,A014,2026-11-22,850,766.4906432,100.00,90.18,0,Delayed,8
PR00651,P001,A014,2026-11-29,850,769.0466277,100.00,90.48,2.555984509,Delayed,8
PR00652,P001,A014,2026-12-06,850,767.7466807,100.00,90.32,0,Delayed,8
PR00653,P001,A014,2026-12-13,850,805.5263512,100.00,94.77,37.77967054,Delayed,8
PR00654,P001,A014,2026-12-20,850,826.5766396,100.00,97.24,21.05028839,In Progress,8
PR00655,P001,A014,2026-12-27,850,768.3494953,100.00,90.39,0,Delayed,8
PR00656,P001,A015,2026-04-05,20,18.70265839,22.22,20.78,18.70265839,In Progress,5
PR00657,P001,A015,2026-04-12,55,52.85459866,61.11,58.73,34.15194027,In Progress,5
PR00658,P001,A015,2026-04-19,90,84.72585127,100.00,94.14,31.87125262,Delayed,5
PR00659,P001,A015,2026-04-26,90,88.49896901,100.00,98.33,3.773117732,In Progress,5
PR00660,P001,A015,2026-05-03,90,78.40690153,100.00,87.12,0,Delayed,5
PR00661,P001,A015,2026-05-10,90,82.8958791,100.00,92.11,4.488977568,Delayed,5
PR00662,P001,A015,2026-05-17,90,83.03538855,100.00,92.26,0.139509446,Delayed,5
PR00663,P001,A015,2026-05-24,90,78.19087856,100.00,86.88,0,Delayed,5
PR00664,P001,A015,2026-05-31,90,82.4645389,100.00,91.63,4.273660339,Delayed,5
PR00665,P001,A015,2026-06-07,90,82.61725824,100.00,91.80,0.152719335,Delayed,5
PR00666,P001,A015,2026-06-14,90,84.86652034,100.00,94.30,2.249262103,Delayed,5
PR00667,P001,A015,2026-06-21,90,89.00584256,100.00,98.90,4.13932222,In Progress,5
PR00668,P001,A015,2026-06-28,90,84.72805895,100.00,94.14,0,Delayed,5
PR00669,P001,A015,2026-07-05,90,82.25293678,100.00,91.39,0,Delayed,5
PR00670,P001,A015,2026-07-12,90,85.3205932,100.00,94.80,3.067656414,Delayed,5
PR00671,P001,A015,2026-07-19,90,88.80489691,100.00,98.67,3.484303712,In Progress,5
PR00672,P001,A015,2026-07-26,90,82.42572973,100.00,91.58,0,Delayed,5
PR00673,P001,A015,2026-08-02,90,82.63168912,100.00,91.81,0.205959386,Delayed,5
PR00674,P001,A015,2026-08-09,90,87.25942922,100.00,96.95,4.627740106,In Progress,5
PR00675,P001,A015,2026-08-16,90,84.80216124,100.00,94.22,0,Delayed,5
PR00676,P001,A015,2026-08-23,90,87.53957678,100.00,97.27,2.73741554,In Progress,5
PR00677,P001,A015,2026-08-30,90,85.45701261,100.00,94.95,0,Delayed,5
PR00678,P001,A015,2026-09-06,90,87.71024049,100.00,97.46,2.253227886,In Progress,5
PR00679,P001,A015,2026-09-13,90,82.23950394,100.00,91.38,0,Delayed,5
PR00680,P001,A015,2026-09-20,90,85.46193335,100.00,94.96,3.222429409,Delayed,5
PR00681,P001,A015,2026-09-27,90,84.83632645,100.00,94.26,0,Delayed,5
PR00682,P001,A015,2026-10-04,90,81.66994359,100.00,90.74,0,Delayed,5
PR00683,P001,A015,2026-10-11,90,80.57504446,100.00,89.53,0,Delayed,5
PR00684,P001,A015,2026-10-18,90,87.66010946,100.00,97.40,7.085064997,In Progress,5
PR00685,P001,A015,2026-10-25,90,84.3945,100.00,93.77,0,Delayed,5
PR00686,P001,A015,2026-11-01,90,82.27981711,100.00,91.42,0,Delayed,5
PR00687,P001,A015,2026-11-08,90,85.19703635,100.00,94.66,2.917219236,Delayed,5
PR00688,P001,A015,2026-11-15,90,89.0532594,100.00,98.95,3.856223052,In Progress,5
PR00689,P001,A015,2026-11-22,90,78.31567579,100.00,87.02,0,Delayed,5
PR00690,P001,A015,2026-11-29,90,80.78558813,100.00,89.76,2.46991234,Delayed,5
PR00691,P001,A015,2026-12-06,90,82.59290771,100.00,91.77,1.807319581,Delayed,5
PR00692,P001,A015,2026-12-13,90,90,100.00,100.00,7.407092292,Completed,5
PR00693,P001,A015,2026-12-20,90,86.390149,100.00,95.99,0,In Progress,5
PR00694,P001,A015,2026-12-27,90,87.91704931,100.00,97.69,1.526900311,In Progress,5
PR00695,P001,A016,2026-04-26,30,26.40283103,33.33,29.34,26.40283103,In Progress,8
PR00696,P001,A016,2026-05-03,65,57.25305588,72.22,63.61,30.85022485,Delayed,8
PR00697,P001,A016,2026-05-10,90,84.21061321,100.00,93.57,26.95755732,Delayed,8
PR00698,P001,A016,2026-05-17,90,82.98356414,100.00,92.20,0,Delayed,8
PR00699,P001,A016,2026-05-24,90,84.52852728,100.00,93.92,1.544963137,Delayed,8
PR00700,P001,A016,2026-05-31,90,82.20883638,100.00,91.34,0,Delayed,8
PR00701,P001,A016,2026-06-07,90,83.67615274,100.00,92.97,1.46731636,Delayed,8
PR00702,P001,A016,2026-06-14,90,83.29807512,100.00,92.55,0,Delayed,8
PR00703,P001,A016,2026-06-21,90,85.24996728,100.00,94.72,1.951892158,Delayed,8
PR00704,P001,A016,2026-06-28,90,85.34207609,100.00,94.82,0.092108813,Delayed,8
PR00705,P001,A016,2026-07-05,90,77.69740322,100.00,86.33,0,Delayed,8
PR00706,P001,A016,2026-07-12,90,75.72110405,100.00,84.13,0,Delayed,8
PR00707,P001,A016,2026-07-19,90,85.955498,100.00,95.51,10.23439395,In Progress,8
PR00708,P001,A016,2026-07-26,90,86.54133404,100.00,96.16,0.585836041,In Progress,8
PR00709,P001,A016,2026-08-02,90,79.58503749,100.00,88.43,0,Delayed,8
PR00710,P001,A016,2026-08-09,90,76.94151847,100.00,85.49,0,Delayed,8
PR00711,P001,A016,2026-08-16,90,83.11195969,100.00,92.35,6.170441217,Delayed,8
PR00712,P001,A016,2026-08-23,90,85.73214041,100.00,95.26,2.620180727,In Progress,8
PR00713,P001,A016,2026-08-30,90,88.46242275,100.00,98.29,2.730282333,In Progress,8
PR00714,P001,A016,2026-09-06,90,84.42633735,100.00,93.81,0,Delayed,8
PR00715,P001,A016,2026-09-13,90,81.62909241,100.00,90.70,0,Delayed,8
PR00716,P001,A016,2026-09-20,90,79.98663854,100.00,88.87,0,Delayed,8
PR00717,P001,A016,2026-09-27,90,82.83607157,100.00,92.04,2.849433027,Delayed,8
PR00718,P001,A016,2026-10-04,90,81.85731618,100.00,90.95,0,Delayed,8
PR00719,P001,A016,2026-10-11,90,79.6025361,100.00,88.45,0,Delayed,8
PR00720,P001,A016,2026-10-18,90,89.2535803,100.00,99.17,9.651044203,In Progress,8
PR00721,P001,A016,2026-10-25,90,88.42328047,100.00,98.25,0,In Progress,8
PR00722,P001,A016,2026-11-01,90,86.37855335,100.00,95.98,0,In Progress,8
PR00723,P001,A016,2026-11-08,90,79.89932125,100.00,88.78,0,Delayed,8
PR00724,P001,A016,2026-11-15,90,85.49331087,100.00,94.99,5.593989625,Delayed,8
PR00725,P001,A016,2026-11-22,90,84.81482319,100.00,94.24,0,Delayed,8
PR00726,P001,A016,2026-11-29,90,84.19401872,100.00,93.55,0,Delayed,8
PR00727,P001,A016,2026-12-06,90,86.73644559,100.00,96.37,2.542426875,In Progress,8
PR00728,P001,A016,2026-12-13,90,84.8014191,100.00,94.22,0,Delayed,8
PR00729,P001,A016,2026-12-20,90,85.13104484,100.00,94.59,0.329625744,Delayed,8
PR00730,P001,A016,2026-12-27,90,84.80625479,100.00,94.23,0,Delayed,8
PR00731,P001,A017,2026-05-10,5,4.909638496,5.56,5.46,4.909638496,In Progress,3
PR00732,P001,A017,2026-05-17,40,36.30294442,44.44,40.34,31.39330592,In Progress,3
PR00733,P001,A017,2026-05-24,75,72.96950533,83.33,81.08,36.66656091,In Progress,3
PR00734,P001,A017,2026-05-31,90,85.54799533,100.00,95.05,12.57849,In Progress,3
PR00735,P001,A017,2026-06-07,90,83.26850098,100.00,92.52,0,Delayed,3
PR00736,P001,A017,2026-06-14,90,90,100.00,100.00,6.731499017,Completed,3
PR00737,P001,A017,2026-06-21,90,90,100.00,100.00,0,Completed,3
PR00738,P001,A017,2026-06-28,90,90,100.00,100.00,0,Completed,3
PR00739,P001,A017,2026-07-05,90,88.10392226,100.00,97.89,0,In Progress,3
PR00740,P001,A017,2026-07-12,90,90,100.00,100.00,1.896077737,Completed,3
PR00741,P001,A017,2026-07-19,90,87.33796752,100.00,97.04,0,In Progress,3
PR00742,P001,A017,2026-07-26,90,87.93881142,100.00,97.71,0.600843903,In Progress,3
PR00743,P001,A017,2026-08-02,90,83.85556518,100.00,93.17,0,Delayed,3
PR00744,P001,A017,2026-08-09,90,88.55052261,100.00,98.39,4.694957426,In Progress,3
PR00745,P001,A017,2026-08-16,90,87.49021567,100.00,97.21,0,In Progress,3
PR00746,P001,A017,2026-08-23,90,83.19664583,100.00,92.44,0,Delayed,3
PR00747,P001,A017,2026-08-30,90,87.1387291,100.00,96.82,3.942083266,In Progress,3
PR00748,P001,A017,2026-09-06,90,87.04885187,100.00,96.72,0,In Progress,3
PR00749,P001,A017,2026-09-13,90,90,100.00,100.00,2.951148126,Completed,3
PR00750,P001,A017,2026-09-20,90,90,100.00,100.00,0,Completed,3
PR00751,P001,A017,2026-09-27,90,87.33605313,100.00,97.04,0,In Progress,3
PR00752,P001,A017,2026-10-04,90,88.08368003,100.00,97.87,0.747626893,In Progress,3
PR00753,P001,A017,2026-10-11,90,87.43926899,100.00,97.15,0,In Progress,3
PR00754,P001,A017,2026-10-18,90,86.66082095,100.00,96.29,0,In Progress,3
PR00755,P001,A017,2026-10-25,90,83.89035433,100.00,93.21,0,Delayed,3
PR00756,P001,A017,2026-11-01,90,86.82418659,100.00,96.47,2.933832257,In Progress,3
PR00757,P001,A017,2026-11-08,90,84.94979049,100.00,94.39,0,Delayed,3
PR00758,P001,A017,2026-11-15,90,83.36150605,100.00,92.62,0,Delayed,3
PR00759,P001,A017,2026-11-22,90,88.91034872,100.00,98.79,5.548842663,In Progress,3
PR00760,P001,A017,2026-11-29,90,88.53248368,100.00,98.37,0,In Progress,3
PR00761,P001,A017,2026-12-06,90,81.67187134,100.00,90.75,0,Delayed,3
PR00762,P001,A017,2026-12-13,90,86.91354339,100.00,96.57,5.241672053,In Progress,3
PR00763,P001,A017,2026-12-20,90,90,100.00,100.00,3.086456608,Completed,3
PR00764,P001,A017,2026-12-27,90,90,100.00,100.00,0,Completed,3
PR00765,P001,A018,2026-05-31,15,15.53856434,16.67,17.27,15.53856434,In Progress,0
PR00766,P001,A018,2026-06-07,50,50.06809811,55.56,55.63,34.52953377,In Progress,0
PR00767,P001,A018,2026-06-14,85,82.48599015,94.44,91.65,32.41789204,In Progress,0
PR00768,P001,A018,2026-06-21,90,86.58634869,100.00,96.21,4.100358545,In Progress,0
PR00769,P001,A018,2026-06-28,90,90,100.00,100.00,3.413651306,Completed,0
PR00770,P001,A018,2026-07-05,90,90,100.00,100.00,0,Completed,0
PR00771,P001,A018,2026-07-12,90,90,100.00,100.00,0,Completed,0
PR00772,P001,A018,2026-07-19,90,90,100.00,100.00,0,Completed,0
PR00773,P001,A018,2026-07-26,90,89.58347973,100.00,99.54,0,In Progress,0
PR00774,P001,A018,2026-08-02,90,86.08075148,100.00,95.65,0,In Progress,0
PR00775,P001,A018,2026-08-09,90,88.99481422,100.00,98.88,2.914062738,In Progress,0
PR00776,P001,A018,2026-08-16,90,90,100.00,100.00,1.005185781,Completed,0
PR00777,P001,A018,2026-08-23,90,89.36343778,100.00,99.29,0,In Progress,0
PR00778,P001,A018,2026-08-30,90,88.17963356,100.00,97.98,0,In Progress,0
PR00779,P001,A018,2026-09-06,90,90,100.00,100.00,1.82036644,Completed,0
PR00780,P001,A018,2026-09-13,90,88.41253311,100.00,98.24,0,In Progress,0
PR00781,P001,A018,2026-09-20,90,88.02159184,100.00,97.80,0,In Progress,0
PR00782,P001,A018,2026-09-27,90,90,100.00,100.00,1.978408164,Completed,0
PR00783,P001,A018,2026-10-04,90,88.73372337,100.00,98.59,0,In Progress,0
PR00784,P001,A018,2026-10-11,90,90,100.00,100.00,1.266276627,Completed,0
PR00785,P001,A018,2026-10-18,90,90,100.00,100.00,0,Completed,0
PR00786,P001,A018,2026-10-25,90,86.41079865,100.00,96.01,0,In Progress,0
PR00787,P001,A018,2026-11-01,90,88.48409046,100.00,98.32,2.073291813,In Progress,0
PR00788,P001,A018,2026-11-08,90,90,100.00,100.00,1.51590954,Completed,0
PR00789,P001,A018,2026-11-15,90,86.33944953,100.00,95.93,0,In Progress,0
PR00790,P001,A018,2026-11-22,90,83.33253849,100.00,92.59,0,Delayed,0
PR00791,P001,A018,2026-11-29,90,84.13518777,100.00,93.48,0.802649282,Delayed,0
PR00792,P001,A018,2026-12-06,90,90,100.00,100.00,5.864812233,Completed,0
PR00793,P001,A018,2026-12-13,90,90,100.00,100.00,0,Completed,0
PR00794,P001,A018,2026-12-20,90,89.62952581,100.00,99.59,0,In Progress,0
PR00795,P001,A018,2026-12-27,90,90,100.00,100.00,0.370474195,Completed,0
PR00796,P001,A019,2026-06-21,25,20.66126987,27.78,22.96,20.66126987,In Progress,8
PR00797,P001,A019,2026-06-28,60,56.03146114,66.67,62.26,35.37019127,In Progress,8
PR00798,P001,A019,2026-07-05,90,87.71853034,100.00,97.47,31.6870692,In Progress,8
PR00799,P001,A019,2026-07-12,90,79.24749059,100.00,88.05,0,Delayed,8
PR00800,P001,A019,2026-07-19,90,81.60360949,100.00,90.67,2.356118897,Delayed,8
PR00801,P001,A019,2026-07-26,90,80.42839046,100.00,89.36,0,Delayed,8
PR00802,P001,A019,2026-08-02,90,79.98280995,100.00,88.87,0,Delayed,8
PR00803,P001,A019,2026-08-09,90,81.77227468,100.00,90.86,1.789464729,Delayed,8
PR00804,P001,A019,2026-08-16,90,87.29657864,100.00,97.00,5.524303959,In Progress,8
PR00805,P001,A019,2026-08-23,90,88.58776803,100.00,98.43,1.291189384,In Progress,8
PR00806,P001,A019,2026-08-30,90,81.74179144,100.00,90.82,0,Delayed,8
PR00807,P001,A019,2026-09-06,90,88.80093967,100.00,98.67,7.059148233,In Progress,8
PR00808,P001,A019,2026-09-13,90,82.9120659,100.00,92.12,0,Delayed,8
PR00809,P001,A019,2026-09-20,90,88.32412673,100.00,98.14,5.412060832,In Progress,8
PR00810,P001,A019,2026-09-27,90,82.50610925,100.00,91.67,0,Delayed,8
PR00811,P001,A019,2026-10-04,90,83.21283215,100.00,92.46,0.706722898,Delayed,8
PR00812,P001,A019,2026-10-11,90,83.95124459,100.00,93.28,0.738412437,Delayed,8
PR00813,P001,A019,2026-10-18,90,90,100.00,100.00,6.048755411,Completed,8
PR00814,P001,A019,2026-10-25,90,85.48154956,100.00,94.98,0,Delayed,8
PR00815,P001,A019,2026-11-01,90,80.57211673,100.00,89.52,0,Delayed,8
PR00816,P001,A019,2026-11-08,90,85.85234329,100.00,95.39,5.280226561,In Progress,8
PR00817,P001,A019,2026-11-15,90,81.66022751,100.00,90.73,0,Delayed,8
PR00818,P001,A019,2026-11-22,90,81.25728692,100.00,90.29,0,Delayed,8
PR00819,P001,A019,2026-11-29,90,85.66209428,100.00,95.18,4.40480736,In Progress,8
PR00820,P001,A019,2026-12-06,90,82.8979196,100.00,92.11,0,Delayed,8
PR00821,P001,A019,2026-12-13,90,83.67751413,100.00,92.98,0.779594529,Delayed,8
PR00822,P001,A019,2026-12-20,90,82.84405345,100.00,92.05,0,Delayed,8
PR00823,P001,A019,2026-12-27,90,83.86023685,100.00,93.18,1.0161834,Delayed,8
PR00824,P001,A020,2026-07-05,0,0,0.00,0.00,0,Not Started,0
PR00825,P001,A020,2026-07-12,35,32.62721551,38.89,36.25,32.62721551,In Progress,0
PR00826,P001,A020,2026-07-19,70,71.63310304,77.78,79.59,39.00588753,In Progress,0
PR00827,P001,A020,2026-07-26,90,86.90663883,100.00,96.56,15.27353579,In Progress,0
PR00828,P001,A020,2026-08-02,90,85.45675772,100.00,94.95,0,Delayed,0
PR00829,P001,A020,2026-08-09,90,89.81600458,100.00,99.80,4.359246859,In Progress,0
PR00830,P001,A020,2026-08-16,90,90,100.00,100.00,0.183995418,Completed,0
PR00831,P001,A020,2026-08-23,90,87.81545558,100.00,97.57,0,In Progress,0
PR00832,P001,A020,2026-08-30,90,90,100.00,100.00,2.184544418,Completed,0
PR00833,P001,A020,2026-09-06,90,85.77214823,100.00,95.30,0,In Progress,0
PR00834,P001,A020,2026-09-13,90,88.71812719,100.00,98.58,2.945978965,In Progress,0
PR00835,P001,A020,2026-09-20,90,88.15764647,100.00,97.95,0,In Progress,0
PR00836,P001,A020,2026-09-27,90,89.8532501,100.00,99.84,1.695603623,In Progress,0
PR00837,P001,A020,2026-10-04,90,90,100.00,100.00,0.146749902,Completed,0
PR00838,P001,A020,2026-10-11,90,86.82513721,100.00,96.47,0,In Progress,0
PR00839,P001,A020,2026-10-18,90,90,100.00,100.00,3.174862791,Completed,0
PR00840,P001,A020,2026-10-25,90,90,100.00,100.00,0,Completed,0
PR00841,P001,A020,2026-11-01,90,84.0403693,100.00,93.38,0,Delayed,0
PR00842,P001,A020,2026-11-08,90,83.83043696,100.00,93.14,0,Delayed,0
PR00843,P001,A020,2026-11-15,90,89.96119423,100.00,99.96,6.130757265,Completed,0
PR00844,P001,A020,2026-11-22,90,89.30395295,100.00,99.23,0,In Progress,0
PR00845,P001,A020,2026-11-29,90,89.67422664,100.00,99.64,0.370273693,In Progress,0
PR00846,P001,A020,2026-12-06,90,89.91185526,100.00,99.90,0.23762862,Completed,0
PR00847,P001,A020,2026-12-13,90,90,100.00,100.00,0.088144738,Completed,0
PR00848,P001,A020,2026-12-20,90,90,100.00,100.00,0,Completed,0
PR00849,P001,A020,2026-12-27,90,86.50001956,100.00,96.11,0,In Progress,0
PR00850,P001,A021,2026-07-26,10,9.289809942,11.11,10.32,9.289809942,In Progress,3
PR00851,P001,A021,2026-08-02,45,41.92801492,50.00,46.59,32.63820498,In Progress,3
PR00852,P001,A021,2026-08-09,80,78.40896667,88.89,87.12,36.48095174,In Progress,3
PR00853,P001,A021,2026-08-16,90,90,100.00,100.00,11.59103333,Completed,3
PR00854,P001,A021,2026-08-23,90,85.94128077,100.00,95.49,0,In Progress,3
PR00855,P001,A021,2026-08-30,90,79.41964549,100.00,88.24,0,Delayed,3
PR00856,P001,A021,2026-09-06,90,81.93242248,100.00,91.04,2.512776992,Delayed,3
PR00857,P001,A021,2026-09-13,90,84.67593432,100.00,94.08,2.74351184,Delayed,3
PR00858,P001,A021,2026-09-20,90,85.543154,100.00,95.05,0.867219681,In Progress,3
PR00859,P001,A021,2026-09-27,90,86.01357582,100.00,95.57,0.47042182,In Progress,3
PR00860,P001,A021,2026-10-04,90,87.42153054,100.00,97.14,1.407954713,In Progress,3
PR00861,P001,A021,2026-10-11,90,86.31799906,100.00,95.91,0,In Progress,3
PR00862,P001,A021,2026-10-18,90,90,100.00,100.00,3.682000942,Completed,3
PR00863,P001,A021,2026-10-25,90,85.17054549,100.00,94.63,0,Delayed,3
PR00864,P001,A021,2026-11-01,90,84.58369843,100.00,93.98,0,Delayed,3
PR00865,P001,A021,2026-11-08,90,88.80845795,100.00,98.68,4.224759519,In Progress,3
PR00866,P001,A021,2026-11-15,90,82.46272748,100.00,91.63,0,Delayed,3
PR00867,P001,A021,2026-11-22,90,88.52752887,100.00,98.36,6.064801392,In Progress,3
PR00868,P001,A021,2026-11-29,90,87.62304253,100.00,97.36,0,In Progress,3
PR00869,P001,A021,2026-12-06,90,86.83555616,100.00,96.48,0,In Progress,3
PR00870,P001,A021,2026-12-13,90,90,100.00,100.00,3.164443843,Completed,3
PR00871,P001,A021,2026-12-20,90,85.34004655,100.00,94.82,0,Delayed,3
PR00872,P001,A021,2026-12-27,90,90,100.00,100.00,4.659953453,Completed,3
PR00873,P001,A022,2026-08-16,20,19.84219799,22.22,22.05,19.84219799,In Progress,0
PR00874,P001,A022,2026-08-23,55,52.54174334,61.11,58.38,32.69954536,In Progress,0
PR00875,P001,A022,2026-08-30,90,90,100.00,100.00,37.45825666,Completed,0
PR00876,P001,A022,2026-09-06,90,86.60982762,100.00,96.23,0,In Progress,0
PR00877,P001,A022,2026-09-13,90,87.63196908,100.00,97.37,1.02214146,In Progress,0
PR00878,P001,A022,2026-09-20,90,90,100.00,100.00,2.368030921,Completed,0
PR00879,P001,A022,2026-09-27,90,90,100.00,100.00,0,Completed,0
PR00880,P001,A022,2026-10-04,90,88.04017174,100.00,97.82,0,In Progress,0
PR00881,P001,A022,2026-10-11,90,90,100.00,100.00,1.959828256,Completed,0
PR00882,P001,A022,2026-10-18,90,90,100.00,100.00,0,Completed,0
PR00883,P001,A022,2026-10-25,90,90,100.00,100.00,0,Completed,0
PR00884,P001,A022,2026-11-01,90,90,100.00,100.00,0,Completed,0
PR00885,P001,A022,2026-11-08,90,90,100.00,100.00,0,Completed,0
PR00886,P001,A022,2026-11-15,90,84.07548495,100.00,93.42,0,Delayed,0
PR00887,P001,A022,2026-11-22,90,88.99859437,100.00,98.89,4.92310942,In Progress,0
PR00888,P001,A022,2026-11-29,90,87.26893344,100.00,96.97,0,In Progress,0
PR00889,P001,A022,2026-12-06,90,90,100.00,100.00,2.731066557,Completed,0
PR00890,P001,A022,2026-12-13,90,88.19993496,100.00,98.00,0,In Progress,0
PR00891,P001,A022,2026-12-20,90,89.4766028,100.00,99.42,1.276667838,In Progress,0
PR00892,P001,A022,2026-12-27,90,90,100.00,100.00,0.523397202,Completed,0
PR00893,P001,A023,2026-09-06,30,29.82179421,33.33,33.14,29.82179421,In Progress,0
PR00894,P001,A023,2026-09-13,65,65.94137752,72.22,73.27,36.11958331,In Progress,0
PR00895,P001,A023,2026-09-20,90,89.26835161,100.00,99.19,23.32697409,In Progress,0
PR00896,P001,A023,2026-09-27,90,90,100.00,100.00,0.731648389,Completed,0
PR00897,P001,A023,2026-10-04,90,90,100.00,100.00,0,Completed,0
PR00898,P001,A023,2026-10-11,90,90,100.00,100.00,0,Completed,0
PR00899,P001,A023,2026-10-18,90,90,100.00,100.00,0,Completed,0
PR00900,P001,A023,2026-10-25,90,90,100.00,100.00,0,Completed,0
PR00901,P001,A023,2026-11-01,90,90,100.00,100.00,0,Completed,0
PR00902,P001,A023,2026-11-08,90,90,100.00,100.00,0,Completed,0
PR00903,P001,A023,2026-11-15,90,86.3747768,100.00,95.97,0,In Progress,0
PR00904,P001,A023,2026-11-22,90,89.72318826,100.00,99.69,3.348411465,In Progress,0
PR00905,P001,A023,2026-11-29,90,90,100.00,100.00,0.276811739,Completed,0
PR00906,P001,A023,2026-12-06,90,90,100.00,100.00,0,Completed,0
PR00907,P001,A023,2026-12-13,90,90,100.00,100.00,0,Completed,0
PR00908,P001,A023,2026-12-20,90,90,100.00,100.00,0,Completed,0
PR00909,P001,A023,2026-12-27,90,90,100.00,100.00,0,Completed,0
PR00910,P001,A024,2026-09-20,5,4.610053595,5.56,5.12,4.610053595,In Progress,12
PR00911,P001,A024,2026-09-27,40,35.60510282,44.44,39.56,30.99504922,In Progress,12
PR00912,P001,A024,2026-10-04,75,65.06629192,83.33,72.30,29.4611891,Delayed,12
PR00913,P001,A024,2026-10-11,90,80.25789996,100.00,89.18,15.19160804,Delayed,12
PR00914,P001,A024,2026-10-18,90,69.96862772,100.00,77.74,0,Delayed,12
PR00915,P001,A024,2026-10-25,90,80.40609007,100.00,89.34,10.43746235,Delayed,12
PR00916,P001,A024,2026-11-01,90,67.7074996,100.00,75.23,0,Delayed,12
PR00917,P001,A024,2026-11-08,90,73.77109027,100.00,81.97,6.063590666,Delayed,12
PR00918,P001,A024,2026-11-15,90,80.62307109,100.00,89.58,6.851980826,Delayed,12
PR00919,P001,A024,2026-11-22,90,80.70421741,100.00,89.67,0.081146319,Delayed,12
PR00920,P001,A024,2026-11-29,90,75.53834934,100.00,83.93,0,Delayed,12
PR00921,P001,A024,2026-12-06,90,76.95687857,100.00,85.51,1.418529226,Delayed,12
PR00922,P001,A024,2026-12-13,90,83.51720411,100.00,92.80,6.560325546,Delayed,12
PR00923,P001,A024,2026-12-20,90,77.67530509,100.00,86.31,0,Delayed,12
PR00924,P001,A024,2026-12-27,90,86.26519898,100.00,95.85,8.589893899,In Progress,12
PR00925,P001,A025,2026-10-11,15,13.79899208,16.67,15.33,13.79899208,In Progress,8
PR00926,P001,A025,2026-10-18,50,46.71406331,55.56,51.90,32.91507123,In Progress,8
PR00927,P001,A025,2026-10-25,85,83.01020134,94.44,92.23,36.29613803,In Progress,8
PR00928,P001,A025,2026-11-01,90,83.21273542,100.00,92.46,0.20253408,Delayed,8
PR00929,P001,A025,2026-11-08,90,79.64261646,100.00,88.49,0,Delayed,8
PR00930,P001,A025,2026-11-15,90,82.45435853,100.00,91.62,2.811742066,Delayed,8
PR00931,P001,A025,2026-11-22,90,82.68782618,100.00,91.88,0.233467654,Delayed,8
PR00932,P001,A025,2026-11-29,90,78.5010638,100.00,87.22,0,Delayed,8
PR00933,P001,A025,2026-12-06,90,81.99412898,100.00,91.10,3.49306518,Delayed,8
PR00934,P001,A025,2026-12-13,90,80.4620949,100.00,89.40,0,Delayed,8
PR00935,P001,A025,2026-12-20,90,85.71172694,100.00,95.24,5.249632031,In Progress,8
PR00936,P001,A025,2026-12-27,90,82.9090274,100.00,92.12,0,Delayed,8
PR00937,P001,A026,2026-04-12,0,0,0.00,0.00,0,Not Started,5
PR00938,P001,A026,2026-04-19,36.75,34.77592349,35.00,33.12,34.77592349,In Progress,5
PR00939,P001,A026,2026-04-26,73.5,70.39898139,70.00,67.05,35.6230579,In Progress,5
PR00940,P001,A026,2026-05-03,105,102.0167922,100.00,97.16,31.61781079,In Progress,5
PR00941,P001,A026,2026-05-10,105,96.07605756,100.00,91.50,0,Delayed,5
PR00942,P001,A026,2026-05-17,105,95.92216545,100.00,91.35,0,Delayed,5
PR00943,P001,A026,2026-05-24,105,103.8096961,100.00,98.87,7.887530666,In Progress,5
PR00944,P001,A026,2026-05-31,105,98.23466199,100.00,93.56,0,Delayed,5
PR00945,P001,A026,2026-06-07,105,94.54310531,100.00,90.04,0,Delayed,5
PR00946,P001,A026,2026-06-14,105,101.3810117,100.00,96.55,6.837906397,In Progress,5
PR00947,P001,A026,2026-06-21,105,101.452884,100.00,96.62,0.07187233,In Progress,5
PR00948,P001,A026,2026-06-28,105,94.12462143,100.00,89.64,0,Delayed,5
PR00949,P001,A026,2026-07-05,105,100.5933453,100.00,95.80,6.468723875,In Progress,5
PR00950,P001,A026,2026-07-12,105,102.4532679,100.00,97.57,1.85992256,In Progress,5
PR00951,P001,A026,2026-07-19,105,101.1258702,100.00,96.31,0,In Progress,5
PR00952,P001,A026,2026-07-26,105,102.072532,100.00,97.21,0.946661743,In Progress,5
PR00953,P001,A026,2026-08-02,105,94.58931106,100.00,90.09,0,Delayed,5
PR00954,P001,A026,2026-08-09,105,100.9665726,100.00,96.16,6.377261505,In Progress,5
PR00955,P001,A026,2026-08-16,105,98.63787238,100.00,93.94,0,Delayed,5
PR00956,P001,A026,2026-08-23,105,97.97574617,100.00,93.31,0,Delayed,5
PR00957,P001,A026,2026-08-30,105,102.9492919,100.00,98.05,4.973545698,In Progress,5
PR00958,P001,A026,2026-09-06,105,105,100.00,100.00,2.050708135,Completed,5
PR00959,P001,A026,2026-09-13,105,105,100.00,100.00,0,Completed,5
PR00960,P001,A026,2026-09-20,105,104.5819189,100.00,99.60,0,In Progress,5
PR00961,P001,A026,2026-09-27,105,99.34672688,100.00,94.62,0,Delayed,5
PR00962,P001,A026,2026-10-04,105,101.0462466,100.00,96.23,1.699519717,In Progress,5
PR00963,P001,A026,2026-10-11,105,102.5680741,100.00,97.68,1.521827455,In Progress,5
PR00964,P001,A026,2026-10-18,105,100.195329,100.00,95.42,0,In Progress,5
PR00965,P001,A026,2026-10-25,105,100.2305584,100.00,95.46,0.035229427,In Progress,5
PR00966,P001,A026,2026-11-01,105,102.7772928,100.00,97.88,2.546734369,In Progress,5
PR00967,P001,A026,2026-11-08,105,99.53213628,100.00,94.79,0,Delayed,5
PR00968,P001,A026,2026-11-15,105,97.06987051,100.00,92.45,0,Delayed,5
PR00969,P001,A026,2026-11-22,105,98.22681148,100.00,93.55,1.156940974,Delayed,5
PR00970,P001,A026,2026-11-29,105,102.0796206,100.00,97.22,3.852809155,In Progress,5
PR00971,P001,A026,2026-12-06,105,99.76100035,100.00,95.01,0,In Progress,5
PR00972,P001,A026,2026-12-13,105,101.0002717,100.00,96.19,1.23927132,In Progress,5
PR00973,P001,A026,2026-12-20,105,102.2125412,100.00,97.35,1.21226955,In Progress,5
PR00974,P001,A026,2026-12-27,105,98.37245762,100.00,93.69,0,Delayed,5
PR00975,P001,A027,2026-05-03,0,0,0.00,0.00,0,Not Started,0
PR00976,P001,A027,2026-05-10,36.75,37.2372863,35.00,35.46,37.2372863,In Progress,0
PR00977,P001,A027,2026-05-17,73.5,70.32344333,70.00,66.97,33.08615704,In Progress,0
PR00978,P001,A027,2026-05-24,105,105,100.00,100.00,34.67655667,Completed,0
PR00979,P001,A027,2026-05-31,105,103.1597631,100.00,98.25,0,In Progress,0
PR00980,P001,A027,2026-06-07,105,98.91752461,100.00,94.21,0,Delayed,0
PR00981,P001,A027,2026-06-14,105,101.1594644,100.00,96.34,2.241939753,In Progress,0
PR00982,P001,A027,2026-06-21,105,101.247659,100.00,96.43,0.088194667,In Progress,0
PR00983,P001,A027,2026-06-28,105,105,100.00,100.00,3.752340965,Completed,0
PR00984,P001,A027,2026-07-05,105,103.9935994,100.00,99.04,0,In Progress,0
PR00985,P001,A027,2026-07-12,105,103.7621425,100.00,98.82,0,In Progress,0
PR00986,P001,A027,2026-07-19,105,105,100.00,100.00,1.237857481,Completed,0
PR00987,P001,A027,2026-07-26,105,105,100.00,100.00,0,Completed,0
PR00988,P001,A027,2026-08-02,105,105,100.00,100.00,0,Completed,0
PR00989,P001,A027,2026-08-09,105,105,100.00,100.00,0,Completed,0
PR00990,P001,A027,2026-08-16,105,105,100.00,100.00,0,Completed,0
PR00991,P001,A027,2026-08-23,105,97.25327147,100.00,92.62,0,Delayed,0
PR00992,P001,A027,2026-08-30,105,103.6606894,100.00,98.72,6.407417954,In Progress,0
PR00993,P001,A027,2026-09-06,105,96.98772801,100.00,92.37,0,Delayed,0
PR00994,P001,A027,2026-09-13,105,105,100.00,100.00,8.012271987,Completed,0
PR00995,P001,A027,2026-09-20,105,104.9829738,100.00,99.98,0,Completed,0
PR00996,P001,A027,2026-09-27,105,105,100.00,100.00,0.017026173,Completed,0
PR00997,P001,A027,2026-10-04,105,105,100.00,100.00,0,Completed,0
PR00998,P001,A027,2026-10-11,105,105,100.00,100.00,0,Completed,0
PR00999,P001,A027,2026-10-18,105,103.161173,100.00,98.25,0,In Progress,0
PR01000,P001,A027,2026-10-25,105,105,100.00,100.00,1.838826959,Completed,0
PR01001,P001,A027,2026-11-01,105,103.0599027,100.00,98.15,0,In Progress,0
PR01002,P001,A027,2026-11-08,105,104.994882,100.00,100.00,1.934979323,Completed,0
PR01003,P001,A027,2026-11-15,105,105,100.00,100.00,0.005117994,Completed,0
PR01004,P001,A027,2026-11-22,105,102.9501903,100.00,98.05,0,In Progress,0
PR01005,P001,A027,2026-11-29,105,105,100.00,100.00,2.049809697,Completed,0
PR01006,P001,A027,2026-12-06,105,105,100.00,100.00,0,Completed,0
PR01007,P001,A027,2026-12-13,105,101.4911401,100.00,96.66,0,In Progress,0
PR01008,P001,A027,2026-12-20,105,105,100.00,100.00,3.508859928,Completed,0
PR01009,P001,A027,2026-12-27,105,105,100.00,100.00,0,Completed,0
PR01010,P001,A028,2026-05-24,0,0,0.00,0.00,0,Not Started,8
PR01011,P001,A028,2026-05-31,36.75,32.82946145,35.00,31.27,32.82946145,In Progress,8
PR01012,P001,A028,2026-06-07,73.5,65.40969252,70.00,62.29,32.58023107,Delayed,8
PR01013,P001,A028,2026-06-14,105,94.62409003,100.00,90.12,29.21439751,Delayed,8
PR01014,P001,A028,2026-06-21,105,98.59403465,100.00,93.90,3.969944623,Delayed,8
PR01015,P001,A028,2026-06-28,105,93.08807751,100.00,88.66,0,Delayed,8
PR01016,P001,A028,2026-07-05,105,98.20785751,100.00,93.53,5.119780004,Delayed,8
PR01017,P001,A028,2026-07-12,105,92.03654843,100.00,87.65,0,Delayed,8
PR01018,P001,A028,2026-07-19,105,95.85004795,100.00,91.29,3.813499521,Delayed,8
PR01019,P001,A028,2026-07-26,105,97.0029555,100.00,92.38,1.152907546,Delayed,8
PR01020,P001,A028,2026-08-02,105,105,100.00,100.00,7.997044502,Completed,8
PR01021,P001,A028,2026-08-09,105,91.53836497,100.00,87.18,0,Delayed,8
PR01022,P001,A028,2026-08-16,105,102.0096535,100.00,97.15,10.47128857,In Progress,8
PR01023,P001,A028,2026-08-23,105,97.15067087,100.00,92.52,0,Delayed,8
PR01024,P001,A028,2026-08-30,105,98.1110568,100.00,93.44,0.960385927,Delayed,8
PR01025,P001,A028,2026-09-06,105,97.03492858,100.00,92.41,0,Delayed,8
PR01026,P001,A028,2026-09-13,105,98.23437106,100.00,93.56,1.199442475,Delayed,8
PR01027,P001,A028,2026-09-20,105,96.03520724,100.00,91.46,0,Delayed,8
PR01028,P001,A028,2026-09-27,105,101.9436344,100.00,97.09,5.908427175,In Progress,8
PR01029,P001,A028,2026-10-04,105,94.92246854,100.00,90.40,0,Delayed,8
PR01030,P001,A028,2026-10-11,105,100.7609621,100.00,95.96,5.838493508,In Progress,8
PR01031,P001,A028,2026-10-18,105,94.23195083,100.00,89.74,0,Delayed,8
PR01032,P001,A028,2026-10-25,105,96.37857446,100.00,91.79,2.146623631,Delayed,8
PR01033,P001,A028,2026-11-01,105,92.66053762,100.00,88.25,0,Delayed,8
PR01034,P001,A028,2026-11-08,105,98.27221217,100.00,93.59,5.611674552,Delayed,8
PR01035,P001,A028,2026-11-15,105,101.9108379,100.00,97.06,3.638625719,In Progress,8
PR01036,P001,A028,2026-11-22,105,96.31571604,100.00,91.73,0,Delayed,8
PR01037,P001,A028,2026-11-29,105,95.87644506,100.00,91.31,0,Delayed,8
PR01038,P001,A028,2026-12-06,105,92.50378266,100.00,88.10,0,Delayed,8
PR01039,P001,A028,2026-12-13,105,95.7573495,100.00,91.20,3.253566837,Delayed,8
PR01040,P001,A028,2026-12-20,105,90.7464811,100.00,86.43,0,Delayed,8
PR01041,P001,A028,2026-12-27,105,93.2451734,100.00,88.80,2.498692303,Delayed,8
PR01042,P001,A029,2026-06-14,0,0,0.00,0.00,0,Not Started,3
PR01043,P001,A029,2026-06-21,36.75,37.34408073,35.00,35.57,37.34408073,In Progress,3
PR01044,P001,A029,2026-06-28,73.5,78.52169494,70.00,74.78,41.17761421,In Progress,3
PR01045,P001,A029,2026-07-05,105,99.69429981,100.00,94.95,21.17260487,Delayed,3
PR01046,P001,A029,2026-07-12,105,105,100.00,100.00,5.305700188,Completed,3
PR01047,P001,A029,2026-07-19,105,102.7457904,100.00,97.85,0,In Progress,3
PR01048,P001,A029,2026-07-26,105,101.2941649,100.00,96.47,0,In Progress,3
PR01049,P001,A029,2026-08-02,105,103.4397846,100.00,98.51,2.145619712,In Progress,3
PR01050,P001,A029,2026-08-09,105,102.0775431,100.00,97.22,0,In Progress,3
PR01051,P001,A029,2026-08-16,105,102.2557043,100.00,97.39,0.178161214,In Progress,3
PR01052,P001,A029,2026-08-23,105,100.3493756,100.00,95.57,0,In Progress,3
PR01053,P001,A029,2026-08-30,105,96.711947,100.00,92.11,0,Delayed,3
PR01054,P001,A029,2026-09-06,105,96.17717738,100.00,91.60,0,Delayed,3
PR01055,P001,A029,2026-09-13,105,104.2506749,100.00,99.29,8.073497565,In Progress,3
PR01056,P001,A029,2026-09-20,105,100.8331272,100.00,96.03,0,In Progress,3
PR01057,P001,A029,2026-09-27,105,99.65937329,100.00,94.91,0,Delayed,3
PR01058,P001,A029,2026-10-04,105,101.8812582,100.00,97.03,2.221884884,In Progress,3
PR01059,P001,A029,2026-10-11,105,104.771376,100.00,99.78,2.890117851,In Progress,3
PR01060,P001,A029,2026-10-18,105,102.5128375,100.00,97.63,0,In Progress,3
PR01061,P001,A029,2026-10-25,105,99.43899811,100.00,94.70,0,Delayed,3
PR01062,P001,A029,2026-11-01,105,105,100.00,100.00,5.561001892,Completed,3
PR01063,P001,A029,2026-11-08,105,105,100.00,100.00,0,Completed,3
PR01064,P001,A029,2026-11-15,105,103.6674957,100.00,98.73,0,In Progress,3
PR01065,P001,A029,2026-11-22,105,105,100.00,100.00,1.332504292,Completed,3
PR01066,P001,A029,2026-11-29,105,105,100.00,100.00,0,Completed,3
PR01067,P001,A029,2026-12-06,105,105,100.00,100.00,0,Completed,3
PR01068,P001,A029,2026-12-13,105,104.1068145,100.00,99.15,0,In Progress,3
PR01069,P001,A029,2026-12-20,105,104.0489254,100.00,99.09,0,In Progress,3
PR01070,P001,A029,2026-12-27,105,103.7597526,100.00,98.82,0,In Progress,3
PR01071,P001,A030,2026-07-05,0,0,0.00,0.00,0,Not Started,0
PR01072,P001,A030,2026-07-12,36.75,37.65130516,35.00,35.86,37.65130516,In Progress,0
PR01073,P001,A030,2026-07-19,73.5,70.01216856,70.00,66.68,32.3608634,In Progress,0
PR01074,P001,A030,2026-07-26,105,102.079847,100.00,97.22,32.06767844,In Progress,0
PR01075,P001,A030,2026-08-02,105,105,100.00,100.00,2.920152998,Completed,0
PR01076,P001,A030,2026-08-09,105,105,100.00,100.00,0,Completed,0
PR01077,P001,A030,2026-08-16,105,105,100.00,100.00,0,Completed,0
PR01078,P001,A030,2026-08-23,105,104.0015966,100.00,99.05,0,In Progress,0
PR01079,P001,A030,2026-08-30,105,100.7654855,100.00,95.97,0,In Progress,0
PR01080,P001,A030,2026-09-06,105,104.1163933,100.00,99.16,3.350907792,In Progress,0
PR01081,P001,A030,2026-09-13,105,105,100.00,100.00,0.883606699,Completed,0
PR01082,P001,A030,2026-09-20,105,105,100.00,100.00,0,Completed,0
PR01083,P001,A030,2026-09-27,105,105,100.00,100.00,0,Completed,0
PR01084,P001,A030,2026-10-04,105,103.6723312,100.00,98.74,0,In Progress,0
PR01085,P001,A030,2026-10-11,105,105,100.00,100.00,1.327668812,Completed,0
PR01086,P001,A030,2026-10-18,105,101.3667952,100.00,96.54,0,In Progress,0
PR01087,P001,A030,2026-10-25,105,105,100.00,100.00,3.633204774,Completed,0
PR01088,P001,A030,2026-11-01,105,105,100.00,100.00,0,Completed,0
PR01089,P001,A030,2026-11-08,105,102.244436,100.00,97.38,0,In Progress,0
PR01090,P001,A030,2026-11-15,105,104.1333271,100.00,99.17,1.888891112,In Progress,0
PR01091,P001,A030,2026-11-22,105,104.3231541,100.00,99.36,0.189827038,In Progress,0
PR01092,P001,A030,2026-11-29,105,104.0071799,100.00,99.05,0,In Progress,0
PR01093,P001,A030,2026-12-06,105,105,100.00,100.00,0.9928201,Completed,0
PR01094,P001,A030,2026-12-13,105,104.6382109,100.00,99.66,0,In Progress,0
PR01095,P001,A030,2026-12-20,105,104.1036818,100.00,99.15,0,In Progress,0
PR01096,P001,A030,2026-12-27,105,97.29186773,100.00,92.66,0,Delayed,0
PR01097,P001,A031,2026-07-26,0,0,0.00,0.00,0,Not Started,0
PR01098,P001,A031,2026-08-02,36.75,36.41162181,35.00,34.68,36.41162181,In Progress,0
PR01099,P001,A031,2026-08-09,73.5,71.73564399,70.00,68.32,35.32402218,In Progress,0
PR01100,P001,A031,2026-08-16,105,105,100.00,100.00,33.26435601,Completed,0
PR01101,P001,A031,2026-08-23,105,104.3938537,100.00,99.42,0,In Progress,0
PR01102,P001,A031,2026-08-30,105,105,100.00,100.00,0.606146325,Completed,0
PR01103,P001,A031,2026-09-06,105,105,100.00,100.00,0,Completed,0
PR01104,P001,A031,2026-09-13,105,105,100.00,100.00,0,Completed,0
PR01105,P001,A031,2026-09-20,105,104.6736731,100.00,99.69,0,In Progress,0
PR01106,P001,A031,2026-09-27,105,105,100.00,100.00,0.326326945,Completed,0
PR01107,P001,A031,2026-10-04,105,105,100.00,100.00,0,Completed,0
PR01108,P001,A031,2026-10-11,105,96.47543058,100.00,91.88,0,Delayed,0
PR01109,P001,A031,2026-10-18,105,97.64431939,100.00,92.99,1.16888881,Delayed,0
PR01110,P001,A031,2026-10-25,105,103.0038472,100.00,98.10,5.359527807,In Progress,0
PR01111,P001,A031,2026-11-01,105,105,100.00,100.00,1.996152804,Completed,0
PR01112,P001,A031,2026-11-08,105,105,100.00,100.00,0,Completed,0
PR01113,P001,A031,2026-11-15,105,105,100.00,100.00,0,Completed,0
PR01114,P001,A031,2026-11-22,105,103.5878963,100.00,98.66,0,In Progress,0
PR01115,P001,A031,2026-11-29,105,105,100.00,100.00,1.41210373,Completed,0
PR01116,P001,A031,2026-12-06,105,105,100.00,100.00,0,Completed,0
PR01117,P001,A031,2026-12-13,105,105,100.00,100.00,0,Completed,0
PR01118,P001,A031,2026-12-20,105,105,100.00,100.00,0,Completed,0
PR01119,P001,A031,2026-12-27,105,105,100.00,100.00,0,Completed,0
PR01120,P001,A032,2026-08-16,0,0,0.00,0.00,0,Not Started,0
PR01121,P001,A032,2026-08-23,36.75,37.64756691,35.00,35.85,37.64756691,In Progress,0
PR01122,P001,A032,2026-08-30,73.5,73.78455226,70.00,70.27,36.13698535,In Progress,0
PR01123,P001,A032,2026-09-06,105,105,100.00,100.00,31.21544774,Completed,0
PR01124,P001,A032,2026-09-13,105,105,100.00,100.00,0,Completed,0
PR01125,P001,A032,2026-09-20,105,95.99304493,100.00,91.42,0,Delayed,0
PR01126,P001,A032,2026-09-27,105,99.79001067,100.00,95.04,3.796965747,In Progress,0
PR01127,P001,A032,2026-10-04,105,100.6375162,100.00,95.85,0.847505508,In Progress,0
PR01128,P001,A032,2026-10-11,105,103.6650171,100.00,98.73,3.027500937,In Progress,0
PR01129,P001,A032,2026-10-18,105,104.064315,100.00,99.11,0.399297856,In Progress,0
PR01130,P001,A032,2026-10-25,105,99.46057824,100.00,94.72,0,Delayed,0
PR01131,P001,A032,2026-11-01,105,101.3795442,100.00,96.55,1.918965987,In Progress,0
PR01132,P001,A032,2026-11-08,105,101.8364068,100.00,96.99,0.4568626,In Progress,0
PR01133,P001,A032,2026-11-15,105,105,100.00,100.00,3.163593169,Completed,0
PR01134,P001,A032,2026-11-22,105,105,100.00,100.00,0,Completed,0
PR01135,P001,A032,2026-11-29,105,103.4868209,100.00,98.56,0,In Progress,0
PR01136,P001,A032,2026-12-06,105,103.6638314,100.00,98.73,0.177010518,In Progress,0
PR01137,P001,A032,2026-12-13,105,100.7766753,100.00,95.98,0,In Progress,0
PR01138,P001,A032,2026-12-20,105,97.98762073,100.00,93.32,0,Delayed,0
PR01139,P001,A032,2026-12-27,105,104.5704653,100.00,99.59,6.582844584,In Progress,0
PR01140,P001,A033,2026-09-06,0,0,0.00,0.00,0,Not Started,0
PR01141,P001,A033,2026-09-13,36.75,36.640861,35.00,34.90,36.640861,In Progress,0
PR01142,P001,A033,2026-09-20,73.5,69.38347045,70.00,66.08,32.74260945,In Progress,0
PR01143,P001,A033,2026-09-27,105,102.1997439,100.00,97.33,32.81627341,In Progress,0
PR01144,P001,A033,2026-10-04,105,105,100.00,100.00,2.800256134,Completed,0
PR01145,P001,A033,2026-10-11,105,105,100.00,100.00,0,Completed,0
PR01146,P001,A033,2026-10-18,105,105,100.00,100.00,0,Completed,0
PR01147,P001,A033,2026-10-25,105,100.147203,100.00,95.38,0,In Progress,0
PR01148,P001,A033,2026-11-01,105,105,100.00,100.00,4.852797017,Completed,0
PR01149,P001,A033,2026-11-08,105,102.059222,100.00,97.20,0,In Progress,0
PR01150,P001,A033,2026-11-15,105,105,100.00,100.00,2.940777985,Completed,0
PR01151,P001,A033,2026-11-22,105,104.9609029,100.00,99.96,0,Completed,0
PR01152,P001,A033,2026-11-29,105,99.94177594,100.00,95.18,0,In Progress,0
PR01153,P001,A033,2026-12-06,105,103.8379734,100.00,98.89,3.896197495,In Progress,0
PR01154,P001,A033,2026-12-13,105,105,100.00,100.00,1.162026564,Completed,0
PR01155,P001,A033,2026-12-20,105,105,100.00,100.00,0,Completed,0
PR01156,P001,A033,2026-12-27,105,104.4818695,100.00,99.51,0,In Progress,0
PR01157,P001,A034,2026-09-27,0,0,0.00,0.00,0,Not Started,3
PR01158,P001,A034,2026-10-04,36.75,36.94341073,35.00,35.18,36.94341073,In Progress,3
PR01159,P001,A034,2026-10-11,73.5,70.63475729,70.00,67.27,33.69134656,In Progress,3
PR01160,P001,A034,2026-10-18,105,104.6066977,100.00,99.63,33.97194037,In Progress,3
PR01161,P001,A034,2026-10-25,105,105,100.00,100.00,0.39330234,Completed,3
PR01162,P001,A034,2026-11-01,105,105,100.00,100.00,0,Completed,3
PR01163,P001,A034,2026-11-08,105,97.33710044,100.00,92.70,0,Delayed,3
PR01164,P001,A034,2026-11-15,105,98.44499082,100.00,93.76,1.107890379,Delayed,3
PR01165,P001,A034,2026-11-22,105,105,100.00,100.00,6.555009184,Completed,3
PR01166,P001,A034,2026-11-29,105,97.96081714,100.00,93.30,0,Delayed,3
PR01167,P001,A034,2026-12-06,105,96.98966134,100.00,92.37,0,Delayed,3
PR01168,P001,A034,2026-12-13,105,100.0632366,100.00,95.30,3.073575235,In Progress,3
PR01169,P001,A034,2026-12-20,105,103.3943332,100.00,98.47,3.331096588,In Progress,3
PR01170,P001,A034,2026-12-27,105,101.4736921,100.00,96.64,0,In Progress,3
PR01171,P001,A035,2026-10-18,0,0,0.00,0.00,0,Not Started,12
PR01172,P001,A035,2026-10-25,36.75,31.47279422,35.00,29.97,31.47279422,Delayed,12
PR01173,P001,A035,2026-11-01,73.5,62.8475129,70.00,59.85,31.37471868,Delayed,12
PR01174,P001,A035,2026-11-08,105,89.16780211,100.00,84.92,26.32028921,Delayed,12
PR01175,P001,A035,2026-11-15,105,100.7850008,100.00,95.99,11.61719871,In Progress,12
PR01176,P001,A035,2026-11-22,105,93.49335319,100.00,89.04,0,Delayed,12
PR01177,P001,A035,2026-11-29,105,95.65883952,100.00,91.10,2.165486338,Delayed,12
PR01178,P001,A035,2026-12-06,105,90.6026403,100.00,86.29,0,Delayed,12
PR01179,P001,A035,2026-12-13,105,91.71660921,100.00,87.35,1.113968907,Delayed,12
PR01180,P001,A035,2026-12-20,105,89.77768912,100.00,85.50,0,Delayed,12
PR01181,P001,A035,2026-12-27,105,82.65497187,100.00,78.72,0,Delayed,12
PR01182,P001,A036,2026-11-08,0,0,0.00,0.00,0,Not Started,0
PR01183,P001,A036,2026-11-15,36.75,34.42109172,35.00,32.78,34.42109172,In Progress,0
PR01184,P001,A036,2026-11-22,73.5,67.71243123,70.00,64.49,33.29133951,Delayed,0
PR01185,P001,A036,2026-11-29,105,100.6070558,100.00,95.82,32.89462454,In Progress,0
PR01186,P001,A036,2026-12-06,105,105,100.00,100.00,4.392944231,Completed,0
PR01187,P001,A036,2026-12-13,105,104.8366971,100.00,99.84,0,In Progress,0
PR01188,P001,A036,2026-12-20,105,105,100.00,100.00,0.163302916,Completed,0
PR01189,P001,A036,2026-12-27,105,105,100.00,100.00,0,Completed,0
PR01190,P001,A037,2026-04-26,7.727272727,7.320737501,4.55,4.31,7.320737501,In Progress,8
PR01191,P001,A037,2026-05-03,61.81818182,54.92351377,36.36,32.31,47.60277627,In Progress,8
PR01192,P001,A037,2026-05-10,115.9090909,108.7619374,68.18,63.98,53.83842362,In Progress,8
PR01193,P001,A037,2026-05-17,170,160.7358497,100.00,94.55,51.9739123,Delayed,8
PR01194,P001,A037,2026-05-24,170,152.9689486,100.00,89.98,0,Delayed,8
PR01195,P001,A037,2026-05-31,170,159.7292652,100.00,93.96,6.760316594,Delayed,8
PR01196,P001,A037,2026-06-07,170,159.7688172,100.00,93.98,0.039551958,Delayed,8
PR01197,P001,A037,2026-06-14,170,153.1301619,100.00,90.08,0,Delayed,8
PR01198,P001,A037,2026-06-21,170,149.7195278,100.00,88.07,0,Delayed,8
PR01199,P001,A037,2026-06-28,170,149.3544364,100.00,87.86,0,Delayed,8
PR01200,P001,A037,2026-07-05,170,156.914708,100.00,92.30,7.560271549,Delayed,8
PR01201,P001,A037,2026-07-12,170,158.3457087,100.00,93.14,1.431000745,Delayed,8
PR01202,P001,A037,2026-07-19,170,151.6844713,100.00,89.23,0,Delayed,8
PR01203,P001,A037,2026-07-26,170,156.5581828,100.00,92.09,4.873711472,Delayed,8
PR01204,P001,A037,2026-08-02,170,159.7946954,100.00,94.00,3.236512584,Delayed,8
PR01205,P001,A037,2026-08-09,170,160.0782348,100.00,94.16,0.283539387,Delayed,8
PR01206,P001,A037,2026-08-16,170,165.6336867,100.00,97.43,5.555451962,In Progress,8
PR01207,P001,A037,2026-08-23,170,163.998036,100.00,96.47,0,In Progress,8
PR01208,P001,A037,2026-08-30,170,150.442316,100.00,88.50,0,Delayed,8
PR01209,P001,A037,2026-09-06,170,166.4173379,100.00,97.89,15.97502197,In Progress,8
PR01210,P001,A037,2026-09-13,170,153.2406898,100.00,90.14,0,Delayed,8
PR01211,P001,A037,2026-09-20,170,162.6169932,100.00,95.66,9.376303436,In Progress,8
PR01212,P001,A037,2026-09-27,170,156.8045204,100.00,92.24,0,Delayed,8
PR01213,P001,A037,2026-10-04,170,153.9477112,100.00,90.56,0,Delayed,8
PR01214,P001,A037,2026-10-11,170,145.6442037,100.00,85.67,0,Delayed,8
PR01215,P001,A037,2026-10-18,170,155.3791912,100.00,91.40,9.73498748,Delayed,8
PR01216,P001,A037,2026-10-25,170,147.1216697,100.00,86.54,0,Delayed,8
PR01217,P001,A037,2026-11-01,170,162.1554305,100.00,95.39,15.0337607,In Progress,8
PR01218,P001,A037,2026-11-08,170,165.4249163,100.00,97.31,3.269485857,In Progress,8
PR01219,P001,A037,2026-11-15,170,151.6583796,100.00,89.21,0,Delayed,8
PR01220,P001,A037,2026-11-22,170,158.1967259,100.00,93.06,6.538346304,Delayed,8
PR01221,P001,A037,2026-11-29,170,152.0839204,100.00,89.46,0,Delayed,8
PR01222,P001,A037,2026-12-06,170,152.6605159,100.00,89.80,0.576595412,Delayed,8
PR01223,P001,A037,2026-12-13,170,161.0082435,100.00,94.71,8.347727632,Delayed,8
PR01224,P001,A037,2026-12-20,170,156.1706973,100.00,91.87,0,Delayed,8
PR01225,P001,A037,2026-12-27,170,166.7509058,100.00,98.09,10.58020851,In Progress,8
PR01226,P001,A038,2026-05-24,46.36363636,41.87201366,27.27,24.63,41.87201366,In Progress,8
PR01227,P001,A038,2026-05-31,100.4545455,95.93175751,59.09,56.43,54.05974385,In Progress,8
PR01228,P001,A038,2026-06-07,154.5454545,142.7087362,90.91,83.95,46.77697867,Delayed,8
PR01229,P001,A038,2026-06-14,170,161.1348792,100.00,94.79,18.42614297,Delayed,8
PR01230,P001,A038,2026-06-21,170,153.7394119,100.00,90.43,0,Delayed,8
PR01231,P001,A038,2026-06-28,170,156.1051249,100.00,91.83,2.365712978,Delayed,8
PR01232,P001,A038,2026-07-05,170,155.7127817,100.00,91.60,0,Delayed,8
PR01233,P001,A038,2026-07-12,170,151.4254602,100.00,89.07,0,Delayed,8
PR01234,P001,A038,2026-07-19,170,160.3393851,100.00,94.32,8.913924964,Delayed,8
PR01235,P001,A038,2026-07-26,170,160.2689816,100.00,94.28,0,Delayed,8
PR01236,P001,A038,2026-08-02,170,159.9316504,100.00,94.08,0,Delayed,8
PR01237,P001,A038,2026-08-09,170,165.5449456,100.00,97.38,5.613295206,In Progress,8
PR01238,P001,A038,2026-08-16,170,165.0236016,100.00,97.07,0,In Progress,8
PR01239,P001,A038,2026-08-23,170,154.1690791,100.00,90.69,0,Delayed,8
PR01240,P001,A038,2026-08-30,170,158.6196613,100.00,93.31,4.450582199,Delayed,8
PR01241,P001,A038,2026-09-06,170,152.6895759,100.00,89.82,0,Delayed,8
PR01242,P001,A038,2026-09-13,170,156.5389641,100.00,92.08,3.849388232,Delayed,8
PR01243,P001,A038,2026-09-20,170,152.8314908,100.00,89.90,0,Delayed,8
PR01244,P001,A038,2026-09-27,170,166.0394183,100.00,97.67,13.20792756,In Progress,8
PR01245,P001,A038,2026-10-04,170,158.564004,100.00,93.27,0,Delayed,8
PR01246,P001,A038,2026-10-11,170,155.1027267,100.00,91.24,0,Delayed,8
PR01247,P001,A038,2026-10-18,170,163.5020305,100.00,96.18,8.399303815,In Progress,8
PR01248,P001,A038,2026-10-25,170,143.4848383,100.00,84.40,0,Delayed,8
PR01249,P001,A038,2026-11-01,170,144.4160896,100.00,84.95,0.931251249,Delayed,8
PR01250,P001,A038,2026-11-08,170,161.13524,100.00,94.79,16.71915044,Delayed,8
PR01251,P001,A038,2026-11-15,170,156.7597873,100.00,92.21,0,Delayed,8
PR01252,P001,A038,2026-11-22,170,157.8901555,100.00,92.88,1.13036822,Delayed,8
PR01253,P001,A038,2026-11-29,170,148.5079432,100.00,87.36,0,Delayed,8
PR01254,P001,A038,2026-12-06,170,156.2617594,100.00,91.92,7.753816235,Delayed,8
PR01255,P001,A038,2026-12-13,170,168.320881,100.00,99.01,12.05912157,In Progress,8
PR01256,P001,A038,2026-12-20,170,161.3039877,100.00,94.88,0,Delayed,8
PR01257,P001,A038,2026-12-27,170,157.4097539,100.00,92.59,0,Delayed,8
PR01258,P001,A039,2026-06-14,30.90909091,30.43411441,18.18,17.90,30.43411441,In Progress,0
PR01259,P001,A039,2026-06-21,85,83.82614577,50.00,49.31,53.39203136,In Progress,0
PR01260,P001,A039,2026-06-28,139.0909091,128.7255866,81.82,75.72,44.89944087,Delayed,0
PR01261,P001,A039,2026-07-05,170,170,100.00,100.00,41.27441336,Completed,0
PR01262,P001,A039,2026-07-12,170,170,100.00,100.00,0,Completed,0
PR01263,P001,A039,2026-07-19,170,160.625065,100.00,94.49,0,Delayed,0
PR01264,P001,A039,2026-07-26,170,166.0645695,100.00,97.69,5.439504487,In Progress,0
PR01265,P001,A039,2026-08-02,170,163.1130854,100.00,95.95,0,In Progress,0
PR01266,P001,A039,2026-08-09,170,164.2561604,100.00,96.62,1.143074953,In Progress,0
PR01267,P001,A039,2026-08-16,170,170,100.00,100.00,5.743839609,Completed,0
PR01268,P001,A039,2026-08-23,170,157.5978072,100.00,92.70,0,Delayed,0
PR01269,P001,A039,2026-08-30,170,170,100.00,100.00,12.40219282,Completed,0
PR01270,P001,A039,2026-09-06,170,170,100.00,100.00,0,Completed,0
PR01271,P001,A039,2026-09-13,170,168.5059396,100.00,99.12,0,In Progress,0
PR01272,P001,A039,2026-09-20,170,155.2397844,100.00,91.32,0,Delayed,0
PR01273,P001,A039,2026-09-27,170,164.0713092,100.00,96.51,8.83152481,In Progress,0
PR01274,P001,A039,2026-10-04,170,170,100.00,100.00,5.928690825,Completed,0
PR01275,P001,A039,2026-10-11,170,153.470934,100.00,90.28,0,Delayed,0
PR01276,P001,A039,2026-10-18,170,167.9322357,100.00,98.78,14.46130167,In Progress,0
PR01277,P001,A039,2026-10-25,170,162.9789954,100.00,95.87,0,In Progress,0
PR01278,P001,A039,2026-11-01,170,170,100.00,100.00,7.021004632,Completed,0
PR01279,P001,A039,2026-11-08,170,165.983072,100.00,97.64,0,In Progress,0
PR01280,P001,A039,2026-11-15,170,170,100.00,100.00,4.016928015,Completed,0
PR01281,P001,A039,2026-11-22,170,170,100.00,100.00,0,Completed,0
PR01282,P001,A039,2026-11-29,170,170,100.00,100.00,0,Completed,0
PR01283,P001,A039,2026-12-06,170,168.7924954,100.00,99.29,0,In Progress,0
PR01284,P001,A039,2026-12-13,170,170,100.00,100.00,1.207504565,Completed,0
PR01285,P001,A039,2026-12-20,170,161.1639199,100.00,94.80,0,Delayed,0
PR01286,P001,A039,2026-12-27,170,170,100.00,100.00,8.836080101,Completed,0
PR01287,P001,A040,2026-07-05,15.45454545,14.27045203,9.09,8.39,14.27045203,In Progress,5
PR01288,P001,A040,2026-07-12,69.54545455,64.70325521,40.91,38.06,50.43280317,In Progress,5
PR01289,P001,A040,2026-07-19,123.6363636,117.3582732,72.73,69.03,52.65501797,In Progress,5
PR01290,P001,A040,2026-07-26,170,152.2008381,100.00,89.53,34.84256497,Delayed,5
PR01291,P001,A040,2026-08-02,170,162.8611817,100.00,95.80,10.66034353,In Progress,5
PR01292,P001,A040,2026-08-09,170,167.2564243,100.00,98.39,4.395242652,In Progress,5
PR01293,P001,A040,2026-08-16,170,163.2429562,100.00,96.03,0,In Progress,5
PR01294,P001,A040,2026-08-23,170,152.0460595,100.00,89.44,0,Delayed,5
PR01295,P001,A040,2026-08-30,170,160.7633347,100.00,94.57,8.717275206,Delayed,5
PR01296,P001,A040,2026-09-06,170,165.915072,100.00,97.60,5.151737274,In Progress,5
PR01297,P001,A040,2026-09-13,170,150.3259668,100.00,88.43,0,Delayed,5
PR01298,P001,A040,2026-09-20,170,155.1051422,100.00,91.24,4.779175375,Delayed,5
PR01299,P001,A040,2026-09-27,170,166.7154344,100.00,98.07,11.61029223,In Progress,5
PR01300,P001,A040,2026-10-04,170,163.1070678,100.00,95.95,0,In Progress,5
PR01301,P001,A040,2026-10-11,170,163.9512309,100.00,96.44,0.84416308,In Progress,5
PR01302,P001,A040,2026-10-18,170,170,100.00,100.00,6.048769086,Completed,5
PR01303,P001,A040,2026-10-25,170,164.287889,100.00,96.64,0,In Progress,5
PR01304,P001,A040,2026-11-01,170,165.4144337,100.00,97.30,1.12654463,In Progress,5
PR01305,P001,A040,2026-11-08,170,170,100.00,100.00,4.585566338,Completed,5
PR01306,P001,A040,2026-11-15,170,160.2278629,100.00,94.25,0,Delayed,5
PR01307,P001,A040,2026-11-22,170,156.7525976,100.00,92.21,0,Delayed,5
PR01308,P001,A040,2026-11-29,170,164.0453886,100.00,96.50,7.292791013,In Progress,5
PR01309,P001,A040,2026-12-06,170,164.1119966,100.00,96.54,0.066608055,In Progress,5
PR01310,P001,A040,2026-12-13,170,158.3660434,100.00,93.16,0,Delayed,5
PR01311,P001,A040,2026-12-20,170,155.3572377,100.00,91.39,0,Delayed,5
PR01312,P001,A040,2026-12-27,170,170,100.00,100.00,14.64276227,Completed,5
PR01313,P001,A041,2026-07-26,0,0,0.00,0.00,0,Not Started,0
PR01314,P001,A041,2026-08-02,54.09090909,44.20455972,31.82,26.00,44.20455972,Delayed,0
PR01315,P001,A041,2026-08-09,108.1818182,103.1498634,63.64,60.68,58.94530365,In Progress,0
PR01316,P001,A041,2026-08-16,162.2727273,153.1528324,95.45,90.09,50.00296905,Delayed,0
PR01317,P001,A041,2026-08-23,170,159.9953554,100.00,94.11,6.842522971,Delayed,0
PR01318,P001,A041,2026-08-30,170,161.5,100.00,95.00,1.504644606,In Progress,0
PR01319,P001,A041,2026-09-06,170,153.8133005,100.00,90.48,0,Delayed,0
PR01320,P001,A041,2026-09-13,170,161.5,100.00,95.00,7.686699496,In Progress,0
PR01321,P001,A041,2026-09-20,170,161.5,100.00,95.00,0,In Progress,0
PR01322,P001,A041,2026-09-27,170,161.5,100.00,95.00,0,In Progress,0
PR01323,P001,A041,2026-10-04,170,167.761538,100.00,98.68,6.261537982,In Progress,0
PR01324,P001,A041,2026-10-11,170,166.9827236,100.00,98.23,0,In Progress,0
PR01325,P001,A041,2026-10-18,170,167.5584772,100.00,98.56,0.575753577,In Progress,0
PR01326,P001,A041,2026-10-25,170,168.4889221,100.00,99.11,0.930444907,In Progress,0
PR01327,P001,A041,2026-11-01,170,167.7520511,100.00,98.68,0,In Progress,0
PR01328,P001,A041,2026-11-08,170,170,100.00,100.00,2.24794887,Completed,0
PR01329,P001,A041,2026-11-15,170,159.6874058,100.00,93.93,0,Delayed,0
PR01330,P001,A041,2026-11-22,170,170,100.00,100.00,10.31259416,Completed,0
PR01331,P001,A041,2026-11-29,170,167.7408652,100.00,98.67,0,In Progress,0
PR01332,P001,A041,2026-12-06,170,170,100.00,100.00,2.259134825,Completed,0
PR01333,P001,A041,2026-12-13,170,163.2944219,100.00,96.06,0,In Progress,0
PR01334,P001,A041,2026-12-20,170,170,100.00,100.00,6.705578066,Completed,0
PR01335,P001,A041,2026-12-27,170,170,100.00,100.00,0,Completed,0
PR01336,P001,A042,2026-08-23,38.63636364,36.84308264,22.73,21.67,36.84308264,In Progress,8
PR01337,P001,A042,2026-08-30,92.72727273,80.39302314,54.55,47.29,43.54994049,Delayed,8
PR01338,P001,A042,2026-09-06,146.8181818,139.333279,86.36,81.96,58.94025582,In Progress,8
PR01339,P001,A042,2026-09-13,170,158.8088878,100.00,93.42,19.47560881,Delayed,8
PR01340,P001,A042,2026-09-20,170,146.8486361,100.00,86.38,0,Delayed,8
PR01341,P001,A042,2026-09-27,170,156.2554306,100.00,91.91,9.406794487,Delayed,8
PR01342,P001,A042,2026-10-04,170,158.5689802,100.00,93.28,2.313549643,Delayed,8
PR01343,P001,A042,2026-10-11,170,159.7086479,100.00,93.95,1.139667669,Delayed,8
PR01344,P001,A042,2026-10-18,170,157.4547051,100.00,92.62,0,Delayed,8
PR01345,P001,A042,2026-10-25,170,158.1328269,100.00,93.02,0.678121797,Delayed,8
PR01346,P001,A042,2026-11-01,170,165.1679878,100.00,97.16,7.035160854,In Progress,8
PR01347,P001,A042,2026-11-08,170,163.6949018,100.00,96.29,0,In Progress,8
PR01348,P001,A042,2026-11-15,170,139.341023,100.00,81.97,0,Delayed,8
PR01349,P001,A042,2026-11-22,170,154.5112406,100.00,90.89,15.17021757,Delayed,8
PR01350,P001,A042,2026-11-29,170,155.4203264,100.00,91.42,0.909085787,Delayed,8
PR01351,P001,A042,2026-12-06,170,145.9750135,100.00,85.87,0,Delayed,8
PR01352,P001,A042,2026-12-13,170,156.9603892,100.00,92.33,10.9853757,Delayed,8
PR01353,P001,A042,2026-12-20,170,163.8301087,100.00,96.37,6.869719549,In Progress,8
PR01354,P001,A042,2026-12-27,170,149.9349212,100.00,88.20,0,Delayed,8
PR01355,P001,A043,2026-09-13,23.18181818,22.29567076,13.64,13.12,22.29567076,In Progress,5
PR01356,P001,A043,2026-09-20,77.27272727,70.93220469,45.45,41.72,48.63653392,In Progress,5
PR01357,P001,A043,2026-09-27,131.3636364,121.7061863,77.27,71.59,50.77398162,Delayed,5
PR01358,P001,A043,2026-10-04,170,170,100.00,100.00,48.29381369,Completed,5
PR01359,P001,A043,2026-10-11,170,158.271781,100.00,93.10,0,Delayed,5
PR01360,P001,A043,2026-10-18,170,164.2501643,100.00,96.62,5.978383339,In Progress,5
PR01361,P001,A043,2026-10-25,170,150.3662522,100.00,88.45,0,Delayed,5
PR01362,P001,A043,2026-11-01,170,170,100.00,100.00,19.63374779,Completed,5
PR01363,P001,A043,2026-11-08,170,165.0857821,100.00,97.11,0,In Progress,5
PR01364,P001,A043,2026-11-15,170,160.4141259,100.00,94.36,0,Delayed,5
PR01365,P001,A043,2026-11-22,170,164.9245017,100.00,97.01,4.510375798,In Progress,5
PR01366,P001,A043,2026-11-29,170,153.1115744,100.00,90.07,0,Delayed,5
PR01367,P001,A043,2026-12-06,170,168.5360579,100.00,99.14,15.42448352,In Progress,5
PR01368,P001,A043,2026-12-13,170,159.5722906,100.00,93.87,0,Delayed,5
PR01369,P001,A043,2026-12-20,170,160.2857864,100.00,94.29,0.7134958,Delayed,5
PR01370,P001,A043,2026-12-27,170,158.5746491,100.00,93.28,0,Delayed,5
PR01371,P001,A044,2026-10-04,7.727272727,7.570232916,4.55,4.45,7.570232916,In Progress,0
PR01372,P001,A044,2026-10-11,61.81818182,63.32119641,36.36,37.25,55.7509635,In Progress,0
PR01373,P001,A044,2026-10-18,115.9090909,116.9472585,68.18,68.79,53.62606206,In Progress,0
PR01374,P001,A044,2026-10-25,170,170,100.00,100.00,53.05274153,Completed,0
PR01375,P001,A044,2026-11-01,170,169.9476716,100.00,99.97,0,Completed,0
PR01376,P001,A044,2026-11-08,170,170,100.00,100.00,0.052328402,Completed,0
PR01377,P001,A044,2026-11-15,170,167.50785,100.00,98.53,0,In Progress,0
PR01378,P001,A044,2026-11-22,170,170,100.00,100.00,2.492150026,Completed,0
PR01379,P001,A044,2026-11-29,170,160.670814,100.00,94.51,0,Delayed,0
PR01380,P001,A044,2026-12-06,170,170,100.00,100.00,9.329185978,Completed,0
PR01381,P001,A044,2026-12-13,170,170,100.00,100.00,0,Completed,0
PR01382,P001,A044,2026-12-20,170,164.9296551,100.00,97.02,0,In Progress,0
PR01383,P001,A044,2026-12-27,170,170,100.00,100.00,5.070344895,Completed,0
PR01384,P001,A045,2026-11-01,46.36363636,47.9790456,27.27,28.22,47.9790456,In Progress,0
PR01385,P001,A045,2026-11-08,100.4545455,103.8689819,59.09,61.10,55.88993632,In Progress,0
PR01386,P001,A045,2026-11-15,154.5454545,154.6970291,90.91,91.00,50.82804719,In Progress,0
PR01387,P001,A045,2026-11-22,170,168.7075044,100.00,99.24,14.01047526,In Progress,0
PR01388,P001,A045,2026-11-29,170,168.7540175,100.00,99.27,0.046513121,In Progress,0
PR01389,P001,A045,2026-12-06,170,170,100.00,100.00,1.245982521,Completed,0
PR01390,P001,A045,2026-12-13,170,170,100.00,100.00,0,Completed,0
PR01391,P001,A045,2026-12-20,170,170,100.00,100.00,0,Completed,0
PR01392,P001,A045,2026-12-27,170,164.5769104,100.00,96.81,0,In Progress,0
PR01393,P001,A046,2026-11-22,30.90909091,28.09188019,18.18,16.52,28.09188019,In Progress,12
PR01394,P001,A046,2026-11-29,85,77.54042347,50.00,45.61,49.44854328,In Progress,12
PR01395,P001,A046,2026-12-06,139.0909091,125.5870016,81.82,73.87,48.04657814,Delayed,12
PR01396,P001,A046,2026-12-13,170,154.0357185,100.00,90.61,28.44871688,Delayed,12
PR01397,P001,A046,2026-12-20,170,147.9879776,100.00,87.05,0,Delayed,12
PR01398,P001,A046,2026-12-27,170,144.0725145,100.00,84.75,0,Delayed,12
PR01399,P001,A047,2026-12-13,16.19047619,15.69849991,9.52,9.23,15.69849991,In Progress,0
PR01400,P001,A047,2026-12-20,72.85714286,68.68671157,42.86,40.40,52.98821166,In Progress,0
PR01401,P001,A047,2026-12-27,129.5238095,130.5979766,76.19,76.82,61.91126499,In Progress,0
PR01402,P001,A048,2026-04-19,10.66666667,3.355512454,8.89,2.80,3.355512454,Delayed,12
PR01403,P001,A048,2026-04-26,29.33333333,19.36161262,24.44,16.13,16.00610017,Delayed,12
PR01404,P001,A048,2026-05-03,48,37.27456038,40.00,31.06,17.91294775,Delayed,12
PR01405,P001,A048,2026-05-10,66.66666667,55.75625924,55.56,46.46,18.48169886,Delayed,12
PR01406,P001,A048,2026-05-17,85.33333333,78.44091075,71.11,65.37,22.68465151,Delayed,12
PR01407,P001,A048,2026-05-24,104,89.10076136,86.67,74.25,10.65985061,Delayed,12
PR01408,P001,A048,2026-05-31,120,107.114485,100.00,89.26,18.01372369,Delayed,12
PR01409,P001,A048,2026-06-07,120,99.75912119,100.00,83.13,0,Delayed,12
PR01410,P001,A048,2026-06-14,120,111.642563,100.00,93.04,11.88344183,Delayed,12
PR01411,P001,A048,2026-06-21,120,104.9950838,100.00,87.50,0,Delayed,12
PR01412,P001,A048,2026-06-28,120,106.8181697,100.00,89.02,1.823085837,Delayed,12
PR01413,P001,A048,2026-07-05,120,115.3682751,100.00,96.14,8.550105461,In Progress,12
PR01414,P001,A048,2026-07-12,120,111.9690484,100.00,93.31,0,Delayed,12
PR01415,P001,A048,2026-07-19,120,104.3124244,100.00,86.93,0,Delayed,12
PR01416,P001,A048,2026-07-26,120,103.1084752,100.00,85.92,0,Delayed,12
PR01417,P001,A048,2026-08-02,120,98.23271095,100.00,81.86,0,Delayed,12
PR01418,P001,A048,2026-08-09,120,101.7415726,100.00,84.78,3.508861692,Delayed,12
PR01419,P001,A048,2026-08-16,120,99.15805864,100.00,82.63,0,Delayed,12
PR01420,P001,A048,2026-08-23,120,97.93997459,100.00,81.62,0,Delayed,12
PR01421,P001,A048,2026-08-30,120,105.7621613,100.00,88.14,7.822186662,Delayed,12
PR01422,P001,A048,2026-09-06,120,99.12031845,100.00,82.60,0,Delayed,12
PR01423,P001,A048,2026-09-13,120,109.2582742,100.00,91.05,10.13795574,Delayed,12
PR01424,P001,A048,2026-09-20,120,99.98111877,100.00,83.32,0,Delayed,12
PR01425,P001,A048,2026-09-27,120,107.0983373,100.00,89.25,7.117218488,Delayed,12
PR01426,P001,A048,2026-10-04,120,107.1007416,100.00,89.25,0.00240432,Delayed,12
PR01427,P001,A048,2026-10-11,120,109.6444344,100.00,91.37,2.543692832,Delayed,12
PR01428,P001,A048,2026-10-18,120,102.5566336,100.00,85.46,0,Delayed,12
PR01429,P001,A048,2026-10-25,120,102.0142113,100.00,85.01,0,Delayed,12
PR01430,P001,A048,2026-11-01,120,107.530765,100.00,89.61,5.516553746,Delayed,12
PR01431,P001,A048,2026-11-08,120,109.7519236,100.00,91.46,2.221158607,Delayed,12
PR01432,P001,A048,2026-11-15,120,105.7690773,100.00,88.14,0,Delayed,12
PR01433,P001,A048,2026-11-22,120,100.197148,100.00,83.50,0,Delayed,12
PR01434,P001,A048,2026-11-29,120,99.88691486,100.00,83.24,0,Delayed,12
PR01435,P001,A048,2026-12-06,120,99.60602711,100.00,83.01,0,Delayed,12
PR01436,P001,A048,2026-12-13,120,98.17598713,100.00,81.81,0,Delayed,12
PR01437,P001,A048,2026-12-20,120,106.0598385,100.00,88.38,7.883851384,Delayed,12
PR01438,P001,A048,2026-12-27,120,110.3251845,100.00,91.94,4.265345961,Delayed,12
PR01439,P001,A049,2026-06-07,111.4285714,105.8048213,8.57,8.14,105.8048213,In Progress,5
PR01440,P001,A049,2026-06-14,241.4285714,210.2566382,18.57,16.17,104.4518169,In Progress,5
PR01441,P001,A049,2026-06-21,371.4285714,350.3772569,28.57,26.95,140.1206187,In Progress,5
PR01442,P001,A049,2026-06-28,501.4285714,473.5000205,38.57,36.42,123.1227636,In Progress,5
PR01443,P001,A049,2026-07-05,631.4285714,646.1787152,48.57,49.71,172.6786948,In Progress,5
PR01444,P001,A049,2026-07-12,761.4285714,684.5244175,58.57,52.66,38.34570224,Delayed,5
PR01445,P001,A049,2026-07-19,891.4285714,834.6680017,68.57,64.21,150.1435842,In Progress,5
PR01446,P001,A049,2026-07-26,1021.428571,1031.341376,78.57,79.33,196.6733745,In Progress,5
PR01447,P001,A049,2026-08-02,1151.428571,1111.99127,88.57,85.54,80.64989383,In Progress,5
PR01448,P001,A049,2026-08-09,1281.428571,1242.621734,98.57,95.59,130.6304642,In Progress,5
PR01449,P001,A049,2026-08-16,1300,1240.213592,100.00,95.40,0,In Progress,5
PR01450,P001,A049,2026-08-23,1300,1250.012431,100.00,96.15,9.798839124,In Progress,5
PR01451,P001,A049,2026-08-30,1300,1270.381234,100.00,97.72,20.36880262,In Progress,5
PR01452,P001,A049,2026-09-06,1300,1198.168372,100.00,92.17,0,Delayed,5
PR01453,P001,A049,2026-09-13,1300,1274.951665,100.00,98.07,76.78329285,In Progress,5
PR01454,P001,A049,2026-09-20,1300,1172.528363,100.00,90.19,0,Delayed,5
PR01455,P001,A049,2026-09-27,1300,1249.940743,100.00,96.15,77.41238003,In Progress,5
PR01456,P001,A049,2026-10-04,1300,1243.132714,100.00,95.63,0,In Progress,5
PR01457,P001,A049,2026-10-11,1300,1206.958664,100.00,92.84,0,Delayed,5
PR01458,P001,A049,2026-10-18,1300,1233.96782,100.00,94.92,27.00915549,Delayed,5
PR01459,P001,A049,2026-10-25,1300,1206.674423,100.00,92.82,0,Delayed,5
PR01460,P001,A049,2026-11-01,1300,1186.23759,100.00,91.25,0,Delayed,5
PR01461,P001,A049,2026-11-08,1300,1218.910529,100.00,93.76,32.67293963,Delayed,5
PR01462,P001,A049,2026-11-15,1300,1184.768517,100.00,91.14,0,Delayed,5
PR01463,P001,A049,2026-11-22,1300,1249.687285,100.00,96.13,64.91876753,In Progress,5
PR01464,P001,A049,2026-11-29,1300,1182.67111,100.00,90.97,0,Delayed,5
PR01465,P001,A049,2026-12-06,1300,1267.394955,100.00,97.49,84.72384453,In Progress,5
PR01466,P001,A049,2026-12-13,1300,1181.242702,100.00,90.86,0,Delayed,5
PR01467,P001,A049,2026-12-20,1300,1209.233581,100.00,93.02,27.99087893,Delayed,5
PR01468,P001,A049,2026-12-27,1300,1206.580545,100.00,92.81,0,Delayed,5
PR01469,P001,A050,2026-06-21,72,69.57936976,8.00,7.73,69.57936976,In Progress,8
PR01470,P001,A050,2026-06-28,156,145.3233831,17.33,16.15,75.74401335,In Progress,8
PR01471,P001,A050,2026-07-05,240,219.0214361,26.67,24.34,73.69805296,In Progress,8
PR01472,P001,A050,2026-07-12,324,303.7354785,36.00,33.75,84.7140424,In Progress,8
PR01473,P001,A050,2026-07-19,408,345.2692933,45.33,38.36,41.53381482,Delayed,8
PR01474,P001,A050,2026-07-26,492,451.8972396,54.67,50.21,106.6279463,In Progress,8
PR01475,P001,A050,2026-08-02,576,570.1898858,64.00,63.35,118.2926462,In Progress,8
PR01476,P001,A050,2026-08-09,660,610.2572043,73.33,67.81,40.06731847,Delayed,8
PR01477,P001,A050,2026-08-16,744,686.2484589,82.67,76.25,75.99125463,Delayed,8
PR01478,P001,A050,2026-08-23,828,777.6447604,92.00,86.40,91.39630152,Delayed,8
PR01479,P001,A050,2026-08-30,900,856.2115652,100.00,95.13,78.56680472,In Progress,8
PR01480,P001,A050,2026-09-06,900,765.0797992,100.00,85.01,0,Delayed,8
PR01481,P001,A050,2026-09-13,900,775.0067158,100.00,86.11,9.92691665,Delayed,8
PR01482,P001,A050,2026-09-20,900,834.6241757,100.00,92.74,59.61745985,Delayed,8
PR01483,P001,A050,2026-09-27,900,805.4813883,100.00,89.50,0,Delayed,8
PR01484,P001,A050,2026-10-04,900,869.3287958,100.00,96.59,63.84740746,In Progress,8
PR01485,P001,A050,2026-10-11,900,818.0720067,100.00,90.90,0,Delayed,8
PR01486,P001,A050,2026-10-18,900,767.0622818,100.00,85.23,0,Delayed,8
PR01487,P001,A050,2026-10-25,900,788.0575616,100.00,87.56,20.99527979,Delayed,8
PR01488,P001,A050,2026-11-01,900,741.3852054,100.00,82.38,0,Delayed,8
PR01489,P001,A050,2026-11-08,900,820.6250456,100.00,91.18,79.23984019,Delayed,8
PR01490,P001,A050,2026-11-15,900,822.0659,100.00,91.34,1.440854416,Delayed,8
PR01491,P001,A050,2026-11-22,900,814.6294246,100.00,90.51,0,Delayed,8
PR01492,P001,A050,2026-11-29,900,861.9846897,100.00,95.78,47.35526509,In Progress,8
PR01493,P001,A050,2026-12-06,900,865.7533749,100.00,96.19,3.768685121,In Progress,8
PR01494,P001,A050,2026-12-13,900,822.6327647,100.00,91.40,0,Delayed,8
PR01495,P001,A050,2026-12-20,900,760.7571495,100.00,84.53,0,Delayed,8
PR01496,P001,A050,2026-12-27,900,847.4443698,100.00,94.16,86.68722031,Delayed,8
PR01497,P001,A051,2026-07-05,10.66666667,10.02066782,13.33,12.53,10.02066782,In Progress,8
PR01498,P001,A051,2026-07-12,29.33333333,27.30430868,36.67,34.13,17.28364086,In Progress,8
PR01499,P001,A051,2026-07-19,48,45.80888598,60.00,57.26,18.5045773,In Progress,8
PR01500,P001,A051,2026-07-26,66.66666667,58.61540111,83.33,73.27,12.80651513,Delayed,8
PR01501,P001,A051,2026-08-02,80,79.22451508,100.00,99.03,20.60911397,In Progress,8
PR01502,P001,A051,2026-08-09,80,70.91360229,100.00,88.64,0,Delayed,8
PR01503,P001,A051,2026-08-16,80,75.6978242,100.00,94.62,4.784221905,Delayed,8
PR01504,P001,A051,2026-08-23,80,68.87542646,100.00,86.09,0,Delayed,8
PR01505,P001,A051,2026-08-30,80,70.99525888,100.00,88.74,2.11983242,Delayed,8
PR01506,P001,A051,2026-09-06,80,77.84583221,100.00,97.31,6.850573335,In Progress,8
PR01507,P001,A051,2026-09-13,80,72.8694805,100.00,91.09,0,Delayed,8
PR01508,P001,A051,2026-09-20,80,75.95178329,100.00,94.94,3.082302799,Delayed,8
PR01509,P001,A051,2026-09-27,80,74.26347509,100.00,92.83,0,Delayed,8
PR01510,P001,A051,2026-10-04,80,73.30611716,100.00,91.63,0,Delayed,8
PR01511,P001,A051,2026-10-11,80,77.41878091,100.00,96.77,4.112663747,In Progress,8
PR01512,P001,A051,2026-10-18,80,72.93735529,100.00,91.17,0,Delayed,8
PR01513,P001,A051,2026-10-25,80,68.6139333,100.00,85.77,0,Delayed,8
PR01514,P001,A051,2026-11-01,80,71.35092774,100.00,89.19,2.736994444,Delayed,8
PR01515,P001,A051,2026-11-08,80,75.14333684,100.00,93.93,3.792409098,Delayed,8
PR01516,P001,A051,2026-11-15,80,74.7074255,100.00,93.38,0,Delayed,8
PR01517,P001,A051,2026-11-22,80,69.2122369,100.00,86.52,0,Delayed,8
PR01518,P001,A051,2026-11-29,80,71.57184095,100.00,89.46,2.359604046,Delayed,8
PR01519,P001,A051,2026-12-06,80,71.97118022,100.00,89.96,0.399339277,Delayed,8
PR01520,P001,A051,2026-12-13,80,72.57668514,100.00,90.72,0.605504914,Delayed,8
PR01521,P001,A051,2026-12-20,80,69.74744195,100.00,87.18,0,Delayed,8
PR01522,P001,A051,2026-12-27,80,71.8405609,100.00,89.80,2.093118945,Delayed,8
PR01523,P001,A052,2026-08-02,240,233.8796719,1.33,1.30,233.8796719,In Progress,0
PR01524,P001,A052,2026-08-09,1920,1971.847035,10.67,10.95,1737.967363,In Progress,0
PR01525,P001,A052,2026-08-16,3600,3701.949285,20.00,20.57,1730.10225,In Progress,0
PR01526,P001,A052,2026-08-23,5280,5253.054227,29.33,29.18,1551.104942,In Progress,0
PR01527,P001,A052,2026-08-30,6960,6864.499106,38.67,38.14,1611.444878,In Progress,0
PR01528,P001,A052,2026-09-06,8640,8682.313112,48.00,48.24,1817.814006,In Progress,0
PR01529,P001,A052,2026-09-13,10320,10025.05307,57.33,55.69,1342.739959,In Progress,0
PR01530,P001,A052,2026-09-20,12000,11518.33053,66.67,63.99,1493.277454,In Progress,0
PR01531,P001,A052,2026-09-27,13680,13229.82209,76.00,73.50,1711.49156,In Progress,0
PR01532,P001,A052,2026-10-04,15360,15018.72444,85.33,83.44,1788.902358,In Progress,0
PR01533,P001,A052,2026-10-11,17040,16346.10423,94.67,90.81,1327.379783,In Progress,0
PR01534,P001,A052,2026-10-18,18000,18000,100.00,100.00,1653.895774,Completed,0
PR01535,P001,A052,2026-10-25,18000,18000,100.00,100.00,0,Completed,0
PR01536,P001,A052,2026-11-01,18000,17000.12807,100.00,94.45,0,Delayed,0
PR01537,P001,A052,2026-11-08,18000,18000,100.00,100.00,999.8719295,Completed,0
PR01538,P001,A052,2026-11-15,18000,17861.44045,100.00,99.23,0,In Progress,0
PR01539,P001,A052,2026-11-22,18000,18000,100.00,100.00,138.559551,Completed,0
PR01540,P001,A052,2026-11-29,18000,17991.84858,100.00,99.95,0,Completed,0
PR01541,P001,A052,2026-12-06,18000,17084.23245,100.00,94.91,0,Delayed,0
PR01542,P001,A052,2026-12-13,18000,17204.69474,100.00,95.58,120.4622881,In Progress,0
PR01543,P001,A052,2026-12-20,18000,18000,100.00,100.00,795.3052583,Completed,0
PR01544,P001,A052,2026-12-27,18000,18000,100.00,100.00,0,Completed,0
PR01545,P001,A053,2026-08-16,184.6153846,170.3083278,1.54,1.42,170.3083278,In Progress,0
PR01546,P001,A053,2026-08-23,1476.923077,1494.794482,12.31,12.46,1324.486154,In Progress,0
PR01547,P001,A053,2026-08-30,2769.230769,2884.532594,23.08,24.04,1389.738113,In Progress,0
PR01548,P001,A053,2026-09-06,4061.538462,4039.785245,33.85,33.66,1155.25265,In Progress,0
PR01549,P001,A053,2026-09-13,5353.846154,5456.945637,44.62,45.47,1417.160392,In Progress,0
PR01550,P001,A053,2026-09-20,6646.153846,6482.609161,55.38,54.02,1025.663525,In Progress,0
PR01551,P001,A053,2026-09-27,7938.461538,7905.296099,66.15,65.88,1422.686938,In Progress,0
PR01552,P001,A053,2026-10-04,9230.769231,8707.089479,76.92,72.56,801.7933796,In Progress,0
PR01553,P001,A053,2026-10-11,10523.07692,9659.637249,87.69,80.50,952.5477705,Delayed,0
PR01554,P001,A053,2026-10-18,11815.38462,12000,98.46,100.00,2340.362751,Completed,0
PR01555,P001,A053,2026-10-25,12000,11586.30213,100.00,96.55,0,In Progress,0
PR01556,P001,A053,2026-11-01,12000,11808.67831,100.00,98.41,222.3761747,In Progress,0
PR01557,P001,A053,2026-11-08,12000,11417.69425,100.00,95.15,0,In Progress,0
PR01558,P001,A053,2026-11-15,12000,11407.81272,100.00,95.07,0,In Progress,0
PR01559,P001,A053,2026-11-22,12000,11926.98817,100.00,99.39,519.1754413,In Progress,0
PR01560,P001,A053,2026-11-29,12000,11693.57758,100.00,97.45,0,In Progress,0
PR01561,P001,A053,2026-12-06,12000,12000,100.00,100.00,306.4224215,Completed,0
PR01562,P001,A053,2026-12-13,12000,12000,100.00,100.00,0,Completed,0
PR01563,P001,A053,2026-12-20,12000,12000,100.00,100.00,0,Completed,0
PR01564,P001,A053,2026-12-27,12000,12000,100.00,100.00,0,Completed,0
PR01565,P001,A054,2026-08-23,154.2857143,162.8056626,8.57,9.04,162.8056626,In Progress,0
PR01566,P001,A054,2026-08-30,514.2857143,495.0690264,28.57,27.50,332.2633639,In Progress,0
PR01567,P001,A054,2026-09-06,874.2857143,872.6047074,48.57,48.48,377.5356809,In Progress,0
PR01568,P001,A054,2026-09-13,1234.285714,1283.217915,68.57,71.29,410.6132072,In Progress,0
PR01569,P001,A054,2026-09-20,1594.285714,1664.847036,88.57,92.49,381.6291211,In Progress,0
PR01570,P001,A054,2026-09-27,1800,1710.42889,100.00,95.02,45.58185444,In Progress,0
PR01571,P001,A054,2026-10-04,1800,1780.321607,100.00,98.91,69.89271708,In Progress,0
PR01572,P001,A054,2026-10-11,1800,1800,100.00,100.00,19.67839282,Completed,0
PR01573,P001,A054,2026-10-18,1800,1800,100.00,100.00,0,Completed,0
PR01574,P001,A054,2026-10-25,1800,1800,100.00,100.00,0,Completed,0
PR01575,P001,A054,2026-11-01,1800,1786.285864,100.00,99.24,0,In Progress,0
PR01576,P001,A054,2026-11-08,1800,1775.820542,100.00,98.66,0,In Progress,0
PR01577,P001,A054,2026-11-15,1800,1800,100.00,100.00,24.17945832,Completed,0
PR01578,P001,A054,2026-11-22,1800,1784.10043,100.00,99.12,0,In Progress,0
PR01579,P001,A054,2026-11-29,1800,1797.317547,100.00,99.85,13.21711675,In Progress,0
PR01580,P001,A054,2026-12-06,1800,1800,100.00,100.00,2.682453126,Completed,0
PR01581,P001,A054,2026-12-13,1800,1757.281494,100.00,97.63,0,In Progress,0
PR01582,P001,A054,2026-12-20,1800,1800,100.00,100.00,42.7185063,Completed,0
PR01583,P001,A054,2026-12-27,1800,1800,100.00,100.00,0,Completed,0
PR01584,P001,A055,2026-11-22,166.6666667,156.3009113,6.67,6.25,156.3009113,In Progress,0
PR01585,P001,A055,2026-11-29,750,758.5053288,30.00,30.34,602.2044175,In Progress,0
PR01586,P001,A055,2026-12-06,1333.333333,1297.857796,53.33,51.91,539.3524671,In Progress,0
PR01587,P001,A055,2026-12-13,1916.666667,1955.400756,76.67,78.22,657.5429604,In Progress,0
PR01588,P001,A055,2026-12-20,2500,2500,100.00,100.00,544.5992438,Completed,0
PR01589,P001,A055,2026-12-27,2500,2500,100.00,100.00,0,Completed,0
PR01590,P001,A056,2026-09-20,705.8823529,734.9242801,5.88,6.12,734.9242801,In Progress,0
PR01591,P001,A056,2026-09-27,1694.117647,1705.527087,14.12,14.21,970.6028073,In Progress,0
PR01592,P001,A056,2026-10-04,2682.352941,2788.632674,22.35,23.24,1083.105586,In Progress,0
PR01593,P001,A056,2026-10-11,3670.588235,3369.414906,30.59,28.08,580.7822322,In Progress,0
PR01594,P001,A056,2026-10-18,4658.823529,4918.16081,38.82,40.98,1548.745904,In Progress,0
PR01595,P001,A056,2026-10-25,5647.058824,5721.188755,47.06,47.68,803.0279447,In Progress,0
PR01596,P001,A056,2026-11-01,6635.294118,6885.607386,55.29,57.38,1164.418632,In Progress,0
PR01597,P001,A056,2026-11-08,7623.529412,7298.03786,63.53,60.82,412.4304737,In Progress,0
PR01598,P001,A056,2026-11-15,8611.764706,8361.36089,71.76,69.68,1063.32303,In Progress,0
PR01599,P001,A056,2026-11-22,9600,9649.035267,80.00,80.41,1287.674377,In Progress,0
PR01600,P001,A056,2026-11-29,10588.23529,10581.92125,88.24,88.18,932.8859859,In Progress,0
PR01601,P001,A056,2026-12-06,11576.47059,11691.16332,96.47,97.43,1109.242067,In Progress,0
PR01602,P001,A056,2026-12-13,12000,12000,100.00,100.00,308.8366803,Completed,0
PR01603,P001,A056,2026-12-20,12000,11258.60747,100.00,93.82,0,Delayed,0
PR01604,P001,A056,2026-12-27,12000,12000,100.00,100.00,741.3925324,Completed,0
PR01605,P001,A057,2026-09-27,142.8571429,138.6128381,2.86,2.77,138.6128381,In Progress,3
PR01606,P001,A057,2026-10-04,642.8571429,618.9863367,12.86,12.38,480.3734986,In Progress,3
PR01607,P001,A057,2026-10-11,1142.857143,1049.726819,22.86,20.99,430.7404825,In Progress,3
PR01608,P001,A057,2026-10-18,1642.857143,1622.496727,32.86,32.45,572.7699078,In Progress,3
PR01609,P001,A057,2026-10-25,2142.857143,1897.51334,42.86,37.95,275.0166127,In Progress,3
PR01610,P001,A057,2026-11-01,2642.857143,2623.547875,52.86,52.47,726.0345349,In Progress,3
PR01611,P001,A057,2026-11-08,3142.857143,2884.439787,62.86,57.69,260.8919121,Delayed,3
PR01612,P001,A057,2026-11-15,3642.857143,3540.387312,72.86,70.81,655.9475258,In Progress,3
PR01613,P001,A057,2026-11-22,4142.857143,4001.291947,82.86,80.03,460.9046347,In Progress,3
PR01614,P001,A057,2026-11-29,4642.857143,4693.621378,92.86,93.87,692.3294303,In Progress,3
PR01615,P001,A057,2026-12-06,5000,4818.735345,100.00,96.37,125.1139679,In Progress,3
PR01616,P001,A057,2026-12-13,5000,4728.525752,100.00,94.57,0,Delayed,3
PR01617,P001,A057,2026-12-20,5000,4761.344528,100.00,95.23,32.81877641,In Progress,3
PR01618,P001,A057,2026-12-27,5000,5000,100.00,100.00,238.6554718,Completed,3
PR01619,P001,A058,2026-10-18,10.15384615,10.34443785,4.62,4.70,10.34443785,In Progress,0
PR01620,P001,A058,2026-10-25,33.84615385,33.38933064,15.38,15.18,23.04489279,In Progress,0
PR01621,P001,A058,2026-11-01,57.53846154,57.06229483,26.15,25.94,23.67296419,In Progress,0
PR01622,P001,A058,2026-11-08,81.23076923,76.77516421,36.92,34.90,19.71286939,In Progress,0
PR01623,P001,A058,2026-11-15,104.9230769,106.3496737,47.69,48.34,29.57450951,In Progress,0
PR01624,P001,A058,2026-11-22,128.6153846,120.6935065,58.46,54.86,14.3438328,In Progress,0
PR01625,P001,A058,2026-11-29,152.3076923,156.3153458,69.23,71.05,35.62183925,In Progress,0
PR01626,P001,A058,2026-12-06,176,176.792309,80.00,80.36,20.47696323,In Progress,0
PR01627,P001,A058,2026-12-13,199.6923077,216.3752647,90.77,98.35,39.58295564,In Progress,0
PR01628,P001,A058,2026-12-20,220,211.5289562,100.00,96.15,0,In Progress,0
PR01629,P001,A058,2026-12-27,220,219.2095019,100.00,99.64,7.680545663,In Progress,0
PR01630,P001,A059,2026-09-27,71.42857143,72.35286211,2.86,2.89,72.35286211,In Progress,5
PR01631,P001,A059,2026-10-04,321.4285714,318.7602763,12.86,12.75,246.4074142,In Progress,5
PR01632,P001,A059,2026-10-11,571.4285714,528.9329018,22.86,21.16,210.1726255,In Progress,5
PR01633,P001,A059,2026-10-18,821.4285714,786.7962064,32.86,31.47,257.8633046,In Progress,5
PR01634,P001,A059,2026-10-25,1071.428571,1017.932119,42.86,40.72,231.1359123,In Progress,5
PR01635,P001,A059,2026-11-01,1321.428571,1268.397602,52.86,50.74,250.465483,In Progress,5
PR01636,P001,A059,2026-11-08,1571.428571,1454.429719,62.86,58.18,186.0321172,In Progress,5
PR01637,P001,A059,2026-11-15,1821.428571,1724.662967,72.86,68.99,270.2332483,In Progress,5
PR01638,P001,A059,2026-11-22,2071.428571,1851.998346,82.86,74.08,127.3353785,Delayed,5
PR01639,P001,A059,2026-11-29,2321.428571,2216.335923,92.86,88.65,364.3375777,In Progress,5
PR01640,P001,A059,2026-12-06,2500,2414.376809,100.00,96.58,198.0408856,In Progress,5
PR01641,P001,A059,2026-12-13,2500,2355.100801,100.00,94.20,0,Delayed,5
PR01642,P001,A059,2026-12-20,2500,2233.683047,100.00,89.35,0,Delayed,5
PR01643,P001,A059,2026-12-27,2500,2461.496538,100.00,98.46,227.8134909,In Progress,5
PR01644,P001,A060,2026-10-04,937.5,902.5859778,3.75,3.61,902.5859778,In Progress,5
PR01645,P001,A060,2026-10-11,3125,2889.342099,12.50,11.56,1986.756121,In Progress,5
PR01646,P001,A060,2026-10-18,5312.5,4994.700854,21.25,19.98,2105.358756,In Progress,5
PR01647,P001,A060,2026-10-25,7500,6731.074282,30.00,26.92,1736.373427,In Progress,5
PR01648,P001,A060,2026-11-01,9687.5,8855.446879,38.75,35.42,2124.372597,In Progress,5
PR01649,P001,A060,2026-11-08,11875,11057.72216,47.50,44.23,2202.275281,In Progress,5
PR01650,P001,A060,2026-11-15,14062.5,13963.98837,56.25,55.86,2906.266209,In Progress,5
PR01651,P001,A060,2026-11-22,16250,15073.78245,65.00,60.30,1109.794078,In Progress,5
PR01652,P001,A060,2026-11-29,18437.5,17928.76288,73.75,71.72,2854.980431,In Progress,5
PR01653,P001,A060,2026-12-06,20625,19205.15299,82.50,76.82,1276.390114,Delayed,5
PR01654,P001,A060,2026-12-13,22812.5,21869.84563,91.25,87.48,2664.69264,In Progress,5
PR01655,P001,A060,2026-12-20,25000,23626.27894,100.00,94.51,1756.433305,Delayed,5
PR01656,P001,A060,2026-12-27,25000,24513.92453,100.00,98.06,887.6455895,In Progress,5
PR01657,P001,A061,2026-10-18,646.1538462,556.5204205,4.62,3.98,556.5204205,In Progress,12
PR01658,P001,A061,2026-10-25,2153.846154,1776.840178,15.38,12.69,1220.319758,In Progress,12
PR01659,P001,A061,2026-11-01,3661.538462,3045.051763,26.15,21.75,1268.211585,In Progress,12
PR01660,P001,A061,2026-11-08,5169.230769,4452.694164,36.92,31.80,1407.642402,Delayed,12
PR01661,P001,A061,2026-11-15,6676.923077,5583.796601,47.69,39.88,1131.102437,Delayed,12
PR01662,P001,A061,2026-11-22,8184.615385,7319.971504,58.46,52.29,1736.174903,Delayed,12
PR01663,P001,A061,2026-11-29,9692.307692,8371.227876,69.23,59.79,1051.256373,Delayed,12
PR01664,P001,A061,2026-12-06,11200,10786.84577,80.00,77.05,2415.617891,In Progress,12
PR01665,P001,A061,2026-12-13,12707.69231,10409.88725,90.77,74.36,0,Delayed,12
PR01666,P001,A061,2026-12-20,14000,12419.78026,100.00,88.71,2009.893011,Delayed,12
PR01667,P001,A061,2026-12-27,14000,11767.30302,100.00,84.05,0,Delayed,12
PR01668,P001,A062,2026-08-16,65,60.62751195,1.00,0.93,60.62751195,In Progress,5
PR01669,P001,A062,2026-08-23,520,496.5738344,8.00,7.64,435.9463225,In Progress,5
PR01670,P001,A062,2026-08-30,975,846.8967018,15.00,13.03,350.3228674,In Progress,5
PR01671,P001,A062,2026-09-06,1430,1370.353147,22.00,21.08,523.4564453,In Progress,5
PR01672,P001,A062,2026-09-13,1885,1916.29432,29.00,29.48,545.9411727,In Progress,5
PR01673,P001,A062,2026-09-20,2340,2185.863403,36.00,33.63,269.5690835,In Progress,5
PR01674,P001,A062,2026-09-27,2795,2680.665704,43.00,41.24,494.8023002,In Progress,5
PR01675,P001,A062,2026-10-04,3250,3204.084843,50.00,49.29,523.419139,In Progress,5
PR01676,P001,A062,2026-10-11,3705,3498.48933,57.00,53.82,294.4044873,In Progress,5
PR01677,P001,A062,2026-10-18,4160,3867.412197,64.00,59.50,368.9228667,In Progress,5
PR01678,P001,A062,2026-10-25,4615,4016.661677,71.00,61.79,149.2494808,Delayed,5
PR01679,P001,A062,2026-11-01,5070,4930.243803,78.00,75.85,913.5821258,In Progress,5
PR01680,P001,A062,2026-11-08,5525,5226.866059,85.00,80.41,296.6222556,In Progress,5
PR01681,P001,A062,2026-11-15,5980,5469.04527,92.00,84.14,242.1792111,Delayed,5
PR01682,P001,A062,2026-11-22,6435,6141.762744,99.00,94.49,672.7174742,In Progress,5
PR01683,P001,A062,2026-11-29,6500,6042.212719,100.00,92.96,0,Delayed,5
PR01684,P001,A062,2026-12-06,6500,6054.783055,100.00,93.15,12.57033634,Delayed,5
PR01685,P001,A062,2026-12-13,6500,6312.931238,100.00,97.12,258.1481828,In Progress,5
PR01686,P001,A062,2026-12-20,6500,5870.518001,100.00,90.32,0,Delayed,5
PR01687,P001,A062,2026-12-27,6500,6413.264228,100.00,98.67,542.7462262,In Progress,5
PR01688,P001,A063,2026-10-25,16.92307692,16.09521666,7.69,7.32,16.09521666,In Progress,0
PR01689,P001,A063,2026-11-01,40.61538462,39.67332907,18.46,18.03,23.57811242,In Progress,0
PR01690,P001,A063,2026-11-08,64.30769231,68.63580043,29.23,31.20,28.96247136,In Progress,0
PR01691,P001,A063,2026-11-15,88,91.47225267,40.00,41.58,22.83645223,In Progress,0
PR01692,P001,A063,2026-11-22,111.6923077,112.0738642,50.77,50.94,20.60161156,In Progress,0
PR01693,P001,A063,2026-11-29,135.3846154,130.9279491,61.54,59.51,18.85408491,In Progress,0
PR01694,P001,A063,2026-12-06,159.0769231,156.1300977,72.31,70.97,25.20214859,In Progress,0
PR01695,P001,A063,2026-12-13,182.7692308,183.2379673,83.08,83.29,27.10786959,In Progress,0
PR01696,P001,A063,2026-12-20,206.4615385,206.7326871,93.85,93.97,23.49471979,In Progress,0
PR01697,P001,A063,2026-12-27,220,219.3002938,100.00,99.68,12.56760673,In Progress,0
PR01698,P001,A064,2026-08-23,534.6534653,469.9180846,2.97,2.61,469.9180846,In Progress,12
PR01699,P001,A064,2026-08-30,1782.178218,1554.944919,9.90,8.64,1085.026834,In Progress,12
PR01700,P001,A064,2026-09-06,3029.70297,2513.23176,16.83,13.96,958.2868409,In Progress,12
PR01701,P001,A064,2026-09-13,4277.227723,3686.637204,23.76,20.48,1173.405444,In Progress,12
PR01702,P001,A064,2026-09-20,5524.752475,5038.639681,30.69,27.99,1352.002477,In Progress,12
PR01703,P001,A064,2026-09-27,6772.277228,5635.268088,37.62,31.31,596.6284073,Delayed,12
PR01704,P001,A064,2026-10-04,8019.80198,7004.218824,44.55,38.91,1368.950736,Delayed,12
PR01705,P001,A064,2026-10-11,9267.326733,7889.355062,51.49,43.83,885.1362381,Delayed,12
PR01706,P001,A064,2026-10-18,10514.85149,9294.04847,58.42,51.63,1404.693408,Delayed,12
PR01707,P001,A064,2026-10-25,11762.37624,10190.89735,65.35,56.62,896.8488799,Delayed,12
PR01708,P001,A064,2026-11-01,13009.90099,12121.43896,72.28,67.34,1930.541607,In Progress,12
PR01709,P001,A064,2026-11-08,14257.42574,12799.32466,79.21,71.11,677.8857061,Delayed,12
PR01710,P001,A064,2026-11-15,15504.9505,12932.47593,86.14,71.85,133.1512625,Delayed,12
PR01711,P001,A064,2026-11-22,16752.47525,15135.74379,93.07,84.09,2203.267865,Delayed,12
PR01712,P001,A064,2026-11-29,18000,15351.96933,100.00,85.29,216.22554,Delayed,12
PR01713,P001,A064,2026-12-06,18000,15476.49229,100.00,85.98,124.5229555,Delayed,12
PR01714,P001,A064,2026-12-13,18000,16037.70598,100.00,89.10,561.2136966,Delayed,12
PR01715,P001,A064,2026-12-20,18000,15530.19913,100.00,86.28,0,Delayed,12
PR01716,P001,A064,2026-12-27,18000,16402.49916,100.00,91.12,872.3000387,Delayed,12
PR01717,P001,A065,2026-10-25,0,0,0.00,0.00,0,Not Started,0
PR01718,P001,A065,2026-11-01,110.8333333,108.4323365,11.67,11.41,108.4323365,In Progress,0
PR01719,P001,A065,2026-11-08,221.6666667,216.5743225,23.33,22.80,108.141986,In Progress,0
PR01720,P001,A065,2026-11-15,332.5,325.9173791,35.00,34.31,109.3430566,In Progress,0
PR01721,P001,A065,2026-11-22,443.3333333,460.3891223,46.67,48.46,134.4717432,In Progress,0
PR01722,P001,A065,2026-11-29,554.1666667,566.3626948,58.33,59.62,105.9735725,In Progress,0
PR01723,P001,A065,2026-12-06,665,704.7989455,70.00,74.19,138.4362508,In Progress,0
PR01724,P001,A065,2026-12-13,775.8333333,837.409322,81.67,88.15,132.6103765,In Progress,0
PR01725,P001,A065,2026-12-20,886.6666667,854.6800814,93.33,89.97,17.27075946,In Progress,0
PR01726,P001,A065,2026-12-27,950,950,100.00,100.00,95.31991856,Completed,0
PR01727,P001,A066,2026-10-18,49.09090909,47.06998309,5.45,5.23,47.06998309,In Progress,0
PR01728,P001,A066,2026-10-25,163.6363636,159.1828024,18.18,17.69,112.1128193,In Progress,0
PR01729,P001,A066,2026-11-01,278.1818182,272.0471057,30.91,30.23,112.8643033,In Progress,0
PR01730,P001,A066,2026-11-08,392.7272727,378.1961985,43.64,42.02,106.1490927,In Progress,0
PR01731,P001,A066,2026-11-15,507.2727273,488.5969469,56.36,54.29,110.4007484,In Progress,0
PR01732,P001,A066,2026-11-22,621.8181818,618.6780291,69.09,68.74,130.0810822,In Progress,0
PR01733,P001,A066,2026-11-29,736.3636364,705.0054844,81.82,78.33,86.32745533,In Progress,0
PR01734,P001,A066,2026-12-06,850.9090909,875.9891629,94.55,97.33,170.9836785,In Progress,0
PR01735,P001,A066,2026-12-13,900,871.0907636,100.00,96.79,0,In Progress,0
PR01736,P001,A066,2026-12-20,900,900,100.00,100.00,28.90923643,Completed,0
PR01737,P001,A066,2026-12-27,900,885.7813898,100.00,98.42,0,In Progress,0
PR01738,P001,A067,2026-11-01,0,0,0.00,0.00,0,Not Started,12
PR01739,P001,A067,2026-11-08,572.7272727,478.0342972,12.73,10.62,478.0342972,In Progress,12
PR01740,P001,A067,2026-11-15,1145.454545,1076.39877,25.45,23.92,598.3644724,In Progress,12
PR01741,P001,A067,2026-11-22,1718.181818,1579.3227,38.18,35.10,502.9239305,In Progress,12
PR01742,P001,A067,2026-11-29,2290.909091,2039.807254,50.91,45.33,460.4845543,Delayed,12
PR01743,P001,A067,2026-12-06,2863.636364,2385.013654,63.64,53.00,345.2063993,Delayed,12
PR01744,P001,A067,2026-12-13,3436.363636,3049.33748,76.36,67.76,664.3238263,Delayed,12
PR01745,P001,A067,2026-12-20,4009.090909,3370.642835,89.09,74.90,321.3053547,Delayed,12
PR01746,P001,A067,2026-12-27,4500,4190.320954,100.00,93.12,819.6781194,Delayed,12
PR01747,P001,A068,2026-12-06,17000,17481.47087,20.00,20.57,17481.47087,In Progress,0
PR01748,P001,A068,2026-12-13,40800,40936.28695,48.00,48.16,23454.81608,In Progress,0
PR01749,P001,A068,2026-12-20,64600,59091.35463,76.00,69.52,18155.06768,Delayed,0
PR01750,P001,A068,2026-12-27,85000,82074.33746,100.00,96.56,22982.98284,In Progress,0
